-- Recruiting Staffinity Data Script (Generated)
-- Generated with  35 vacancies and  55 candidates
-- Date Range: 2023-2025
-- ---------------------------------------------

-- 1. Skills
INSERT INTO public.skills (name) VALUES ('Java'), ('Python'), ('JavaScript'), ('TypeScript'), ('React'), ('Angular'), ('Vue.js'), ('Node.js'), ('C#'), ('.NET'), ('SQL'), ('PostgreSQL'), ('MongoDB'), ('Redis'), ('Docker'), ('Kubernetes'), ('AWS'), ('Azure'), ('GCP'), ('Terraform'), ('Jenkins'), ('Git'), ('CI/CD'), ('Selenium'), ('Cypress'), ('Appium'), ('JIRA'), ('Scrum'), ('Communication'), ('Leadership'), ('Spanish'), ('English');

-- 2. Vacancies
INSERT INTO public.vacancies (vacancy_id, title, description, requirements, location, remote_allowed, seniority, status, salary_min, salary_max, currency, hiring_manager_id, recruiter_id, created_at) VALUES ('c0ed0ff6-cac3-4ab8-a43c-9afe36150383', 'Machine Learning Engineer', 'Description for Machine Learning Engineer - We are looking for talented individuals.', 'Knowledge of industry standards.', 'Bogotá', true, 'Senior', 'PAUSED', 5000000, 8000000, 'COP', '61f02dd6-b98b-42d0-a1da-90d414575aad', '966a8046-23bf-488f-aa31-5ce0a5af3ac1', '2024-09-24 06:45:21'), ('b0b3b6aa-69e5-4e9d-855e-3b6572d71e82', 'Scrum Master', 'Description for Scrum Master - We are looking for talented individuals.', 'Knowledge of industry standards.', 'Cartagena', false, 'Senior', 'FILLED', 11000000, 14000000, 'COP', '61f02dd6-b98b-42d0-a1da-90d414575aad', '966a8046-23bf-488f-aa31-5ce0a5af3ac1', '2024-03-19 05:17:06'), ('b6f24e58-cbb3-4c0a-868c-278c79f1637d', 'Scrum Master', 'Description for Scrum Master - We are looking for talented individuals.', 'Knowledge of industry standards.', 'Barranquilla', false, 'Mid-Level', 'FILLED', 11000000, 15000000, 'COP', '4b60acfd-dcbc-4de3-a6b3-d4e8a8564616', '966a8046-23bf-488f-aa31-5ce0a5af3ac1', '2024-07-11 23:04:34'), ('61dd2a23-96cf-4c41-baa1-e46122c9141d', 'Technical Lead', 'Description for Technical Lead - We are looking for talented individuals.', 'Knowledge of industry standards.', 'Barranquilla', true, 'Principal', 'CLOSED', 7000000, 11000000, 'COP', '2b0e0cc6-43e6-4e33-aec9-638f61c9cae4', '8ab48564-ed6a-4866-bc75-64275052c44c', '2023-02-24 04:14:51'), ('c598e157-05f9-4496-b417-052576924234', 'UX/UI Designer', 'Description for UX/UI Designer - We are looking for talented individuals.', 'Knowledge of industry standards.', 'Remote', true, 'Senior', 'CLOSED', 6000000, 10000000, 'COP', 'bb68c1fb-fd0c-4c1d-a1d4-7cddea66a25e', '8ab48564-ed6a-4866-bc75-64275052c44c', '2024-06-22 13:25:49'), ('1990bbda-3159-4518-8282-04ae3066156f', 'Scrum Master', 'Description for Scrum Master - We are looking for talented individuals.', 'Knowledge of industry standards.', 'Bogotá', false, 'Junior', 'DRAFT', 5000000, 7000000, 'COP', '3a824e73-ac35-4fcd-99c8-6c7963e4ba4c', '8ab48564-ed6a-4866-bc75-64275052c44c', '2023-11-29 16:47:24'), ('86b3abf8-412f-4d4f-9736-050dfe0e1244', 'Senior Backend Developer', 'Description for Senior Backend Developer - We are looking for talented individuals.', 'Knowledge of industry standards.', 'Cartagena', true, 'Principal', 'FILLED', 12000000, 13000000, 'COP', 'bb68c1fb-fd0c-4c1d-a1d4-7cddea66a25e', '966a8046-23bf-488f-aa31-5ce0a5af3ac1', '2023-10-28 21:26:01'), ('daba034f-3642-4170-ad61-cee6547d46fd', 'Senior Backend Developer', 'Description for Senior Backend Developer - We are looking for talented individuals.', 'Knowledge of industry standards.', 'Cali', false, 'Lead', 'PAUSED', 3000000, 7000000, 'COP', '3a824e73-ac35-4fcd-99c8-6c7963e4ba4c', '8ab48564-ed6a-4866-bc75-64275052c44c', '2025-09-24 20:58:17'), ('0847465c-61a7-4f0b-bc48-389678cd24b0', 'Technical Lead', 'Description for Technical Lead - We are looking for talented individuals.', 'Knowledge of industry standards.', 'Medellín', true, 'Principal', 'PAUSED', 11000000, 15000000, 'COP', '4b60acfd-dcbc-4de3-a6b3-d4e8a8564616', '966a8046-23bf-488f-aa31-5ce0a5af3ac1', '2025-11-23 03:24:18'), ('eb371605-e9bb-4b42-8cb1-1e026f09ebcd', 'QA Automation Engineer', 'Description for QA Automation Engineer - We are looking for talented individuals.', 'Knowledge of industry standards.', 'Medellín', false, 'Senior', 'CLOSED', 9000000, 11000000, 'COP', '61f02dd6-b98b-42d0-a1da-90d414575aad', '966a8046-23bf-488f-aa31-5ce0a5af3ac1', '2023-10-31 12:40:36'), ('28e81209-b811-4789-a282-592104b509c8', 'Machine Learning Engineer', 'Description for Machine Learning Engineer - We are looking for talented individuals.', 'Knowledge of industry standards.', 'Cartagena', true, 'Mid-Level', 'FILLED', 5000000, 6000000, 'COP', 'bb68c1fb-fd0c-4c1d-a1d4-7cddea66a25e', '966a8046-23bf-488f-aa31-5ce0a5af3ac1', '2025-09-03 19:58:20'), ('c44fe193-7f1d-4b04-9514-f867dd8f3837', 'Data Scientist', 'Description for Data Scientist - We are looking for talented individuals.', 'Knowledge of industry standards.', 'Medellín', false, 'Junior', 'FILLED', 6000000, 10000000, 'COP', '4b60acfd-dcbc-4de3-a6b3-d4e8a8564616', '966a8046-23bf-488f-aa31-5ce0a5af3ac1', '2024-01-19 14:19:45'), ('7b5c2490-8f5e-4cee-a5c8-32799870bd3f', 'Junior Frontend Developer', 'Description for Junior Frontend Developer - We are looking for talented individuals.', 'Knowledge of industry standards.', 'Cartagena', false, 'Lead', 'PAUSED', 3000000, 7000000, 'COP', '2b0e0cc6-43e6-4e33-aec9-638f61c9cae4', '966a8046-23bf-488f-aa31-5ce0a5af3ac1', '2024-07-30 13:26:22'), ('7f7bd694-4718-4c6b-8436-7e912d1a7b14', 'Product Owner', 'Description for Product Owner - We are looking for talented individuals.', 'Knowledge of industry standards.', 'Barranquilla', true, 'Mid-Level', 'DRAFT', 5000000, 7000000, 'COP', 'bb68c1fb-fd0c-4c1d-a1d4-7cddea66a25e', '8ab48564-ed6a-4866-bc75-64275052c44c', '2024-05-20 06:21:38'), ('0e312285-e0d1-45fc-a965-07bbf513c240', 'Technical Lead', 'Description for Technical Lead - We are looking for talented individuals.', 'Knowledge of industry standards.', 'Cali', false, 'Principal', 'PAUSED', 11000000, 15000000, 'COP', '61f02dd6-b98b-42d0-a1da-90d414575aad', '966a8046-23bf-488f-aa31-5ce0a5af3ac1', '2024-08-25 22:27:54'), ('d21b49d1-4444-46a7-be1d-0ca15f0a61f9', 'Mobile Developer (iOS)', 'Description for Mobile Developer (iOS) - We are looking for talented individuals.', 'Knowledge of industry standards.', 'Bogotá', true, 'Junior', 'FILLED', 10000000, 12000000, 'COP', 'bb68c1fb-fd0c-4c1d-a1d4-7cddea66a25e', '966a8046-23bf-488f-aa31-5ce0a5af3ac1', '2024-07-21 05:52:20'), ('b4ecb81d-5450-44aa-a9ce-8793e7d7d489', 'Mid-Level Full Stack Engineer', 'Description for Mid-Level Full Stack Engineer - We are looking for talented individuals.', 'Knowledge of industry standards.', 'Barranquilla', false, 'Senior', 'DRAFT', 9000000, 10000000, 'COP', '4b60acfd-dcbc-4de3-a6b3-d4e8a8564616', '8ab48564-ed6a-4866-bc75-64275052c44c', '2024-07-01 15:33:06'), ('8b9d2819-cb03-4237-85bf-e2e32409569d', 'Security Analyst', 'Description for Security Analyst - We are looking for talented individuals.', 'Knowledge of industry standards.', 'Bogotá', true, 'Junior', 'DRAFT', 9000000, 12000000, 'COP', '4b60acfd-dcbc-4de3-a6b3-d4e8a8564616', '966a8046-23bf-488f-aa31-5ce0a5af3ac1', '2025-11-12 08:36:17'), ('6b5a19bb-3f85-49e5-b5ef-3deb8469fc58', 'UX/UI Designer', 'Description for UX/UI Designer - We are looking for talented individuals.', 'Knowledge of industry standards.', 'Bogotá', true, 'Junior', 'PAUSED', 5000000, 8000000, 'COP', '3a824e73-ac35-4fcd-99c8-6c7963e4ba4c', '8ab48564-ed6a-4866-bc75-64275052c44c', '2023-11-17 18:06:34'), ('d4de59c7-a30f-4c69-bb3c-477804cbcad1', 'Security Analyst', 'Description for Security Analyst - We are looking for talented individuals.', 'Knowledge of industry standards.', 'Cartagena', true, 'Senior', 'FILLED', 12000000, 13000000, 'COP', '3a824e73-ac35-4fcd-99c8-6c7963e4ba4c', '8ab48564-ed6a-4866-bc75-64275052c44c', '2023-07-23 22:01:49'), ('6b3c8455-9863-45c6-af7b-9813e06fb259', 'Security Analyst', 'Description for Security Analyst - We are looking for talented individuals.', 'Knowledge of industry standards.', 'Bogotá', false, 'Senior', 'FILLED', 10000000, 11000000, 'COP', '61f02dd6-b98b-42d0-a1da-90d414575aad', '8ab48564-ed6a-4866-bc75-64275052c44c', '2024-03-04 17:26:00'), ('1c0d0c45-f4eb-4c11-b046-4d743855bedc', 'Security Analyst', 'Description for Security Analyst - We are looking for talented individuals.', 'Knowledge of industry standards.', 'Cali', true, 'Mid-Level', 'CLOSED', 11000000, 12000000, 'COP', '4b60acfd-dcbc-4de3-a6b3-d4e8a8564616', '966a8046-23bf-488f-aa31-5ce0a5af3ac1', '2025-03-27 17:47:38'), ('22c43f25-0115-4a69-8956-748904691c02', 'UX/UI Designer', 'Description for UX/UI Designer - We are looking for talented individuals.', 'Knowledge of industry standards.', 'Cali', false, 'Senior', 'OPEN', 8000000, 11000000, 'COP', '3a824e73-ac35-4fcd-99c8-6c7963e4ba4c', '8ab48564-ed6a-4866-bc75-64275052c44c', '2025-04-14 07:00:18'), ('fbf64085-d51d-4399-a1d3-6bc1403a2a03', 'Security Analyst', 'Description for Security Analyst - We are looking for talented individuals.', 'Knowledge of industry standards.', 'Bogotá', true, 'Junior', 'FILLED', 4000000, 8000000, 'COP', '61f02dd6-b98b-42d0-a1da-90d414575aad', '8ab48564-ed6a-4866-bc75-64275052c44c', '2025-02-22 06:58:06'), ('e0e79a61-0d87-42c0-a94e-f72809908dd7', 'Mid-Level Full Stack Engineer', 'Description for Mid-Level Full Stack Engineer - We are looking for talented individuals.', 'Knowledge of industry standards.', 'Cartagena', true, 'Principal', 'CLOSED', 7000000, 8000000, 'COP', '2b0e0cc6-43e6-4e33-aec9-638f61c9cae4', '8ab48564-ed6a-4866-bc75-64275052c44c', '2025-05-27 19:14:30'), ('715289c2-3c7f-467f-891d-95136dfb1f6d', 'Mid-Level Full Stack Engineer', 'Description for Mid-Level Full Stack Engineer - We are looking for talented individuals.', 'Knowledge of industry standards.', 'Cali', false, 'Mid-Level', 'DRAFT', 11000000, 13000000, 'COP', 'bb68c1fb-fd0c-4c1d-a1d4-7cddea66a25e', '966a8046-23bf-488f-aa31-5ce0a5af3ac1', '2024-07-29 11:11:25'), ('f0fab7b1-6489-41ae-a1ed-72da2e9e688a', 'Technical Lead', 'Description for Technical Lead - We are looking for talented individuals.', 'Knowledge of industry standards.', 'Bogotá', false, 'Principal', 'FILLED', 7000000, 10000000, 'COP', '4b60acfd-dcbc-4de3-a6b3-d4e8a8564616', '966a8046-23bf-488f-aa31-5ce0a5af3ac1', '2025-01-05 10:57:26'), ('7a2708d4-b88d-48f8-b8d2-90aab310386a', 'QA Automation Engineer', 'Description for QA Automation Engineer - We are looking for talented individuals.', 'Knowledge of industry standards.', 'Medellín', true, 'Mid-Level', 'DRAFT', 4000000, 7000000, 'COP', '2b0e0cc6-43e6-4e33-aec9-638f61c9cae4', '8ab48564-ed6a-4866-bc75-64275052c44c', '2023-05-04 20:45:45'), ('1b5065a9-db7c-4df0-aaca-8682a5386cef', 'Data Scientist', 'Description for Data Scientist - We are looking for talented individuals.', 'Knowledge of industry standards.', 'Bogotá', false, 'Principal', 'DRAFT', 5000000, 7000000, 'COP', '2b0e0cc6-43e6-4e33-aec9-638f61c9cae4', '966a8046-23bf-488f-aa31-5ce0a5af3ac1', '2023-03-17 08:06:22'), ('b3d20221-453e-40c5-bb92-937b17ae575e', 'Scrum Master', 'Description for Scrum Master - We are looking for talented individuals.', 'Knowledge of industry standards.', 'Bogotá', false, 'Mid-Level', 'DRAFT', 6000000, 7000000, 'COP', '4b60acfd-dcbc-4de3-a6b3-d4e8a8564616', '966a8046-23bf-488f-aa31-5ce0a5af3ac1', '2023-04-25 03:34:30'), ('3595cde3-b450-4559-85ef-1f40ad7b5dba', 'Scrum Master', 'Description for Scrum Master - We are looking for talented individuals.', 'Knowledge of industry standards.', 'Remote', false, 'Junior', 'DRAFT', 10000000, 13000000, 'COP', '2b0e0cc6-43e6-4e33-aec9-638f61c9cae4', '966a8046-23bf-488f-aa31-5ce0a5af3ac1', '2023-11-21 21:50:48'), ('8e497018-ba02-4ca5-93b4-a0b32af69624', 'Mid-Level Full Stack Engineer', 'Description for Mid-Level Full Stack Engineer - We are looking for talented individuals.', 'Knowledge of industry standards.', 'Cartagena', true, 'Mid-Level', 'DRAFT', 5000000, 9000000, 'COP', '3a824e73-ac35-4fcd-99c8-6c7963e4ba4c', '8ab48564-ed6a-4866-bc75-64275052c44c', '2025-09-05 09:26:12'), ('c7799ef4-4bd1-4fe0-a67b-0632b9330543', 'UX/UI Designer', 'Description for UX/UI Designer - We are looking for talented individuals.', 'Knowledge of industry standards.', 'Cartagena', true, 'Mid-Level', 'PAUSED', 9000000, 13000000, 'COP', '4b60acfd-dcbc-4de3-a6b3-d4e8a8564616', '966a8046-23bf-488f-aa31-5ce0a5af3ac1', '2023-09-02 08:23:00'), ('1c940e08-57cb-40e0-82bf-9b876992f76e', 'Data Scientist', 'Description for Data Scientist - We are looking for talented individuals.', 'Knowledge of industry standards.', 'Cartagena', true, 'Lead', 'OPEN', 3000000, 4000000, 'COP', '61f02dd6-b98b-42d0-a1da-90d414575aad', '8ab48564-ed6a-4866-bc75-64275052c44c', '2024-12-17 19:59:41'), ('3343d8d9-0661-4a01-9e3a-4113d24ce448', 'Technical Lead', 'Description for Technical Lead - We are looking for talented individuals.', 'Knowledge of industry standards.', 'Bogotá', false, 'Mid-Level', 'FILLED', 12000000, 16000000, 'COP', '61f02dd6-b98b-42d0-a1da-90d414575aad', '8ab48564-ed6a-4866-bc75-64275052c44c', '2025-03-08 12:23:08');

-- 3. Vacancy Skills
INSERT INTO public.vacancy_skills (vacancy_id, skill_id, is_mandatory) VALUES ('c0ed0ff6-cac3-4ab8-a43c-9afe36150383', (SELECT skill_id FROM public.skills WHERE name = 'Java'), true), ('c0ed0ff6-cac3-4ab8-a43c-9afe36150383', (SELECT skill_id FROM public.skills WHERE name = 'SQL'), false), ('c0ed0ff6-cac3-4ab8-a43c-9afe36150383', (SELECT skill_id FROM public.skills WHERE name = '.NET'), true), ('c0ed0ff6-cac3-4ab8-a43c-9afe36150383', (SELECT skill_id FROM public.skills WHERE name = 'CI/CD'), false), ('b0b3b6aa-69e5-4e9d-855e-3b6572d71e82', (SELECT skill_id FROM public.skills WHERE name = 'Cypress'), true), ('b0b3b6aa-69e5-4e9d-855e-3b6572d71e82', (SELECT skill_id FROM public.skills WHERE name = 'Terraform'), true), ('b0b3b6aa-69e5-4e9d-855e-3b6572d71e82', (SELECT skill_id FROM public.skills WHERE name = 'Leadership'), true), ('b6f24e58-cbb3-4c0a-868c-278c79f1637d', (SELECT skill_id FROM public.skills WHERE name = 'Redis'), true), ('b6f24e58-cbb3-4c0a-868c-278c79f1637d', (SELECT skill_id FROM public.skills WHERE name = 'Spanish'), true), ('b6f24e58-cbb3-4c0a-868c-278c79f1637d', (SELECT skill_id FROM public.skills WHERE name = 'React'), false), ('b6f24e58-cbb3-4c0a-868c-278c79f1637d', (SELECT skill_id FROM public.skills WHERE name = 'Angular'), true), ('b6f24e58-cbb3-4c0a-868c-278c79f1637d', (SELECT skill_id FROM public.skills WHERE name = 'MongoDB'), true), ('61dd2a23-96cf-4c41-baa1-e46122c9141d', (SELECT skill_id FROM public.skills WHERE name = 'Jenkins'), false), ('61dd2a23-96cf-4c41-baa1-e46122c9141d', (SELECT skill_id FROM public.skills WHERE name = 'Cypress'), false), ('61dd2a23-96cf-4c41-baa1-e46122c9141d', (SELECT skill_id FROM public.skills WHERE name = 'Node.js'), true), ('61dd2a23-96cf-4c41-baa1-e46122c9141d', (SELECT skill_id FROM public.skills WHERE name = 'Vue.js'), true), ('c598e157-05f9-4496-b417-052576924234', (SELECT skill_id FROM public.skills WHERE name = 'Scrum'), true), ('c598e157-05f9-4496-b417-052576924234', (SELECT skill_id FROM public.skills WHERE name = 'Jenkins'), false), ('c598e157-05f9-4496-b417-052576924234', (SELECT skill_id FROM public.skills WHERE name = 'Azure'), true), ('1990bbda-3159-4518-8282-04ae3066156f', (SELECT skill_id FROM public.skills WHERE name = 'Angular'), true), ('1990bbda-3159-4518-8282-04ae3066156f', (SELECT skill_id FROM public.skills WHERE name = 'Python'), true), ('1990bbda-3159-4518-8282-04ae3066156f', (SELECT skill_id FROM public.skills WHERE name = 'Appium'), false), ('1990bbda-3159-4518-8282-04ae3066156f', (SELECT skill_id FROM public.skills WHERE name = 'React'), true), ('86b3abf8-412f-4d4f-9736-050dfe0e1244', (SELECT skill_id FROM public.skills WHERE name = 'Kubernetes'), true), ('86b3abf8-412f-4d4f-9736-050dfe0e1244', (SELECT skill_id FROM public.skills WHERE name = 'Git'), true), ('86b3abf8-412f-4d4f-9736-050dfe0e1244', (SELECT skill_id FROM public.skills WHERE name = 'Jenkins'), true), ('86b3abf8-412f-4d4f-9736-050dfe0e1244', (SELECT skill_id FROM public.skills WHERE name = 'Leadership'), false), ('daba034f-3642-4170-ad61-cee6547d46fd', (SELECT skill_id FROM public.skills WHERE name = 'PostgreSQL'), true), ('daba034f-3642-4170-ad61-cee6547d46fd', (SELECT skill_id FROM public.skills WHERE name = 'MongoDB'), true), ('daba034f-3642-4170-ad61-cee6547d46fd', (SELECT skill_id FROM public.skills WHERE name = 'Kubernetes'), true), ('daba034f-3642-4170-ad61-cee6547d46fd', (SELECT skill_id FROM public.skills WHERE name = 'Scrum'), true), ('daba034f-3642-4170-ad61-cee6547d46fd', (SELECT skill_id FROM public.skills WHERE name = 'Terraform'), false), ('0847465c-61a7-4f0b-bc48-389678cd24b0', (SELECT skill_id FROM public.skills WHERE name = 'Git'), true), ('0847465c-61a7-4f0b-bc48-389678cd24b0', (SELECT skill_id FROM public.skills WHERE name = 'Angular'), true), ('0847465c-61a7-4f0b-bc48-389678cd24b0', (SELECT skill_id FROM public.skills WHERE name = 'SQL'), true), ('eb371605-e9bb-4b42-8cb1-1e026f09ebcd', (SELECT skill_id FROM public.skills WHERE name = 'Communication'), true), ('eb371605-e9bb-4b42-8cb1-1e026f09ebcd', (SELECT skill_id FROM public.skills WHERE name = 'Appium'), true), ('eb371605-e9bb-4b42-8cb1-1e026f09ebcd', (SELECT skill_id FROM public.skills WHERE name = 'PostgreSQL'), false), ('eb371605-e9bb-4b42-8cb1-1e026f09ebcd', (SELECT skill_id FROM public.skills WHERE name = 'Selenium'), true), ('28e81209-b811-4789-a282-592104b509c8', (SELECT skill_id FROM public.skills WHERE name = 'Git'), false), ('28e81209-b811-4789-a282-592104b509c8', (SELECT skill_id FROM public.skills WHERE name = 'Vue.js'), true), ('28e81209-b811-4789-a282-592104b509c8', (SELECT skill_id FROM public.skills WHERE name = 'Scrum'), true), ('28e81209-b811-4789-a282-592104b509c8', (SELECT skill_id FROM public.skills WHERE name = 'Kubernetes'), true), ('c44fe193-7f1d-4b04-9514-f867dd8f3837', (SELECT skill_id FROM public.skills WHERE name = 'React'), true), ('c44fe193-7f1d-4b04-9514-f867dd8f3837', (SELECT skill_id FROM public.skills WHERE name = 'C#'), false), ('c44fe193-7f1d-4b04-9514-f867dd8f3837', (SELECT skill_id FROM public.skills WHERE name = 'AWS'), true), ('c44fe193-7f1d-4b04-9514-f867dd8f3837', (SELECT skill_id FROM public.skills WHERE name = 'Java'), true), ('7b5c2490-8f5e-4cee-a5c8-32799870bd3f', (SELECT skill_id FROM public.skills WHERE name = 'MongoDB'), true), ('7b5c2490-8f5e-4cee-a5c8-32799870bd3f', (SELECT skill_id FROM public.skills WHERE name = 'Leadership'), true), ('7b5c2490-8f5e-4cee-a5c8-32799870bd3f', (SELECT skill_id FROM public.skills WHERE name = '.NET'), true), ('7b5c2490-8f5e-4cee-a5c8-32799870bd3f', (SELECT skill_id FROM public.skills WHERE name = 'GCP'), false), ('7f7bd694-4718-4c6b-8436-7e912d1a7b14', (SELECT skill_id FROM public.skills WHERE name = 'C#'), true), ('7f7bd694-4718-4c6b-8436-7e912d1a7b14', (SELECT skill_id FROM public.skills WHERE name = 'Kubernetes'), false), ('7f7bd694-4718-4c6b-8436-7e912d1a7b14', (SELECT skill_id FROM public.skills WHERE name = 'Python'), true), ('7f7bd694-4718-4c6b-8436-7e912d1a7b14', (SELECT skill_id FROM public.skills WHERE name = 'Vue.js'), false), ('7f7bd694-4718-4c6b-8436-7e912d1a7b14', (SELECT skill_id FROM public.skills WHERE name = 'CI/CD'), false), ('0e312285-e0d1-45fc-a965-07bbf513c240', (SELECT skill_id FROM public.skills WHERE name = 'Spanish'), true), ('0e312285-e0d1-45fc-a965-07bbf513c240', (SELECT skill_id FROM public.skills WHERE name = 'TypeScript'), true), ('0e312285-e0d1-45fc-a965-07bbf513c240', (SELECT skill_id FROM public.skills WHERE name = 'Git'), true), ('d21b49d1-4444-46a7-be1d-0ca15f0a61f9', (SELECT skill_id FROM public.skills WHERE name = 'Python'), true), ('d21b49d1-4444-46a7-be1d-0ca15f0a61f9', (SELECT skill_id FROM public.skills WHERE name = 'Angular'), true), ('d21b49d1-4444-46a7-be1d-0ca15f0a61f9', (SELECT skill_id FROM public.skills WHERE name = 'C#'), false), ('d21b49d1-4444-46a7-be1d-0ca15f0a61f9', (SELECT skill_id FROM public.skills WHERE name = 'Vue.js'), true), ('b4ecb81d-5450-44aa-a9ce-8793e7d7d489', (SELECT skill_id FROM public.skills WHERE name = 'Node.js'), true), ('b4ecb81d-5450-44aa-a9ce-8793e7d7d489', (SELECT skill_id FROM public.skills WHERE name = 'Appium'), true), ('b4ecb81d-5450-44aa-a9ce-8793e7d7d489', (SELECT skill_id FROM public.skills WHERE name = 'Vue.js'), false), ('b4ecb81d-5450-44aa-a9ce-8793e7d7d489', (SELECT skill_id FROM public.skills WHERE name = '.NET'), true), ('8b9d2819-cb03-4237-85bf-e2e32409569d', (SELECT skill_id FROM public.skills WHERE name = 'MongoDB'), true), ('8b9d2819-cb03-4237-85bf-e2e32409569d', (SELECT skill_id FROM public.skills WHERE name = 'Azure'), true), ('8b9d2819-cb03-4237-85bf-e2e32409569d', (SELECT skill_id FROM public.skills WHERE name = 'Appium'), false), ('6b5a19bb-3f85-49e5-b5ef-3deb8469fc58', (SELECT skill_id FROM public.skills WHERE name = 'Kubernetes'), false), ('6b5a19bb-3f85-49e5-b5ef-3deb8469fc58', (SELECT skill_id FROM public.skills WHERE name = 'Selenium'), true), ('6b5a19bb-3f85-49e5-b5ef-3deb8469fc58', (SELECT skill_id FROM public.skills WHERE name = 'Java'), true), ('d4de59c7-a30f-4c69-bb3c-477804cbcad1', (SELECT skill_id FROM public.skills WHERE name = 'Selenium'), true), ('d4de59c7-a30f-4c69-bb3c-477804cbcad1', (SELECT skill_id FROM public.skills WHERE name = 'Spanish'), true), ('d4de59c7-a30f-4c69-bb3c-477804cbcad1', (SELECT skill_id FROM public.skills WHERE name = 'Appium'), true), ('d4de59c7-a30f-4c69-bb3c-477804cbcad1', (SELECT skill_id FROM public.skills WHERE name = 'Leadership'), true), ('d4de59c7-a30f-4c69-bb3c-477804cbcad1', (SELECT skill_id FROM public.skills WHERE name = 'React'), true), ('6b3c8455-9863-45c6-af7b-9813e06fb259', (SELECT skill_id FROM public.skills WHERE name = 'C#'), false), ('6b3c8455-9863-45c6-af7b-9813e06fb259', (SELECT skill_id FROM public.skills WHERE name = 'Selenium'), true), ('6b3c8455-9863-45c6-af7b-9813e06fb259', (SELECT skill_id FROM public.skills WHERE name = '.NET'), true), ('6b3c8455-9863-45c6-af7b-9813e06fb259', (SELECT skill_id FROM public.skills WHERE name = 'Spanish'), true), ('1c0d0c45-f4eb-4c11-b046-4d743855bedc', (SELECT skill_id FROM public.skills WHERE name = 'Appium'), true), ('1c0d0c45-f4eb-4c11-b046-4d743855bedc', (SELECT skill_id FROM public.skills WHERE name = 'JIRA'), true), ('1c0d0c45-f4eb-4c11-b046-4d743855bedc', (SELECT skill_id FROM public.skills WHERE name = 'GCP'), true), ('1c0d0c45-f4eb-4c11-b046-4d743855bedc', (SELECT skill_id FROM public.skills WHERE name = 'Cypress'), true), ('22c43f25-0115-4a69-8956-748904691c02', (SELECT skill_id FROM public.skills WHERE name = 'Scrum'), true), ('22c43f25-0115-4a69-8956-748904691c02', (SELECT skill_id FROM public.skills WHERE name = 'AWS'), true), ('22c43f25-0115-4a69-8956-748904691c02', (SELECT skill_id FROM public.skills WHERE name = 'JIRA'), false), ('22c43f25-0115-4a69-8956-748904691c02', (SELECT skill_id FROM public.skills WHERE name = 'Cypress'), true), ('fbf64085-d51d-4399-a1d3-6bc1403a2a03', (SELECT skill_id FROM public.skills WHERE name = 'Jenkins'), false), ('fbf64085-d51d-4399-a1d3-6bc1403a2a03', (SELECT skill_id FROM public.skills WHERE name = 'JIRA'), true), ('fbf64085-d51d-4399-a1d3-6bc1403a2a03', (SELECT skill_id FROM public.skills WHERE name = 'AWS'), true), ('e0e79a61-0d87-42c0-a94e-f72809908dd7', (SELECT skill_id FROM public.skills WHERE name = 'Leadership'), false), ('e0e79a61-0d87-42c0-a94e-f72809908dd7', (SELECT skill_id FROM public.skills WHERE name = 'Angular'), false), ('e0e79a61-0d87-42c0-a94e-f72809908dd7', (SELECT skill_id FROM public.skills WHERE name = '.NET'), true), ('e0e79a61-0d87-42c0-a94e-f72809908dd7', (SELECT skill_id FROM public.skills WHERE name = 'SQL'), true), ('e0e79a61-0d87-42c0-a94e-f72809908dd7', (SELECT skill_id FROM public.skills WHERE name = 'Spanish'), false), ('715289c2-3c7f-467f-891d-95136dfb1f6d', (SELECT skill_id FROM public.skills WHERE name = 'Angular'), false), ('715289c2-3c7f-467f-891d-95136dfb1f6d', (SELECT skill_id FROM public.skills WHERE name = 'JavaScript'), true), ('715289c2-3c7f-467f-891d-95136dfb1f6d', (SELECT skill_id FROM public.skills WHERE name = 'Python'), false), ('715289c2-3c7f-467f-891d-95136dfb1f6d', (SELECT skill_id FROM public.skills WHERE name = 'Communication'), false), ('715289c2-3c7f-467f-891d-95136dfb1f6d', (SELECT skill_id FROM public.skills WHERE name = 'C#'), true), ('f0fab7b1-6489-41ae-a1ed-72da2e9e688a', (SELECT skill_id FROM public.skills WHERE name = 'CI/CD'), true), ('f0fab7b1-6489-41ae-a1ed-72da2e9e688a', (SELECT skill_id FROM public.skills WHERE name = '.NET'), true), ('f0fab7b1-6489-41ae-a1ed-72da2e9e688a', (SELECT skill_id FROM public.skills WHERE name = 'Docker'), true), ('f0fab7b1-6489-41ae-a1ed-72da2e9e688a', (SELECT skill_id FROM public.skills WHERE name = 'JIRA'), true), ('f0fab7b1-6489-41ae-a1ed-72da2e9e688a', (SELECT skill_id FROM public.skills WHERE name = 'Redis'), false), ('7a2708d4-b88d-48f8-b8d2-90aab310386a', (SELECT skill_id FROM public.skills WHERE name = 'Communication'), false), ('7a2708d4-b88d-48f8-b8d2-90aab310386a', (SELECT skill_id FROM public.skills WHERE name = 'Docker'), true), ('7a2708d4-b88d-48f8-b8d2-90aab310386a', (SELECT skill_id FROM public.skills WHERE name = 'Java'), false), ('1b5065a9-db7c-4df0-aaca-8682a5386cef', (SELECT skill_id FROM public.skills WHERE name = 'Redis'), true), ('1b5065a9-db7c-4df0-aaca-8682a5386cef', (SELECT skill_id FROM public.skills WHERE name = 'Scrum'), false), ('1b5065a9-db7c-4df0-aaca-8682a5386cef', (SELECT skill_id FROM public.skills WHERE name = 'Node.js'), false), ('1b5065a9-db7c-4df0-aaca-8682a5386cef', (SELECT skill_id FROM public.skills WHERE name = 'English'), true), ('b3d20221-453e-40c5-bb92-937b17ae575e', (SELECT skill_id FROM public.skills WHERE name = 'React'), true), ('b3d20221-453e-40c5-bb92-937b17ae575e', (SELECT skill_id FROM public.skills WHERE name = 'TypeScript'), true), ('b3d20221-453e-40c5-bb92-937b17ae575e', (SELECT skill_id FROM public.skills WHERE name = 'GCP'), true), ('3595cde3-b450-4559-85ef-1f40ad7b5dba', (SELECT skill_id FROM public.skills WHERE name = 'Vue.js'), false), ('3595cde3-b450-4559-85ef-1f40ad7b5dba', (SELECT skill_id FROM public.skills WHERE name = 'Terraform'), true), ('3595cde3-b450-4559-85ef-1f40ad7b5dba', (SELECT skill_id FROM public.skills WHERE name = 'MongoDB'), true), ('3595cde3-b450-4559-85ef-1f40ad7b5dba', (SELECT skill_id FROM public.skills WHERE name = 'Git'), true), ('8e497018-ba02-4ca5-93b4-a0b32af69624', (SELECT skill_id FROM public.skills WHERE name = 'Cypress'), false), ('8e497018-ba02-4ca5-93b4-a0b32af69624', (SELECT skill_id FROM public.skills WHERE name = 'MongoDB'), false), ('8e497018-ba02-4ca5-93b4-a0b32af69624', (SELECT skill_id FROM public.skills WHERE name = 'Scrum'), false), ('8e497018-ba02-4ca5-93b4-a0b32af69624', (SELECT skill_id FROM public.skills WHERE name = 'SQL'), false), ('c7799ef4-4bd1-4fe0-a67b-0632b9330543', (SELECT skill_id FROM public.skills WHERE name = 'CI/CD'), true), ('c7799ef4-4bd1-4fe0-a67b-0632b9330543', (SELECT skill_id FROM public.skills WHERE name = 'Appium'), true), ('c7799ef4-4bd1-4fe0-a67b-0632b9330543', (SELECT skill_id FROM public.skills WHERE name = 'English'), true), ('c7799ef4-4bd1-4fe0-a67b-0632b9330543', (SELECT skill_id FROM public.skills WHERE name = 'Docker'), true), ('1c940e08-57cb-40e0-82bf-9b876992f76e', (SELECT skill_id FROM public.skills WHERE name = 'Jenkins'), true), ('1c940e08-57cb-40e0-82bf-9b876992f76e', (SELECT skill_id FROM public.skills WHERE name = 'Communication'), true), ('1c940e08-57cb-40e0-82bf-9b876992f76e', (SELECT skill_id FROM public.skills WHERE name = 'Azure'), false), ('1c940e08-57cb-40e0-82bf-9b876992f76e', (SELECT skill_id FROM public.skills WHERE name = 'PostgreSQL'), false), ('1c940e08-57cb-40e0-82bf-9b876992f76e', (SELECT skill_id FROM public.skills WHERE name = 'Cypress'), true), ('3343d8d9-0661-4a01-9e3a-4113d24ce448', (SELECT skill_id FROM public.skills WHERE name = 'Spanish'), false), ('3343d8d9-0661-4a01-9e3a-4113d24ce448', (SELECT skill_id FROM public.skills WHERE name = 'Communication'), true), ('3343d8d9-0661-4a01-9e3a-4113d24ce448', (SELECT skill_id FROM public.skills WHERE name = 'TypeScript'), true);

-- 4. Candidates
INSERT INTO public.candidates (candidate_id, first_name, last_name, email, phone_number, vacancy_id, application_status, created_at) VALUES ('249972c5-5b25-4f9f-a5f9-b00ad6688807', 'Grace', 'Miller', 'grace.miller0@example.com', '555-5302', '7f7bd694-4718-4c6b-8436-7e912d1a7b14', 'SCREENING', '2024-05-27 06:21:38'), ('32a6986e-ec0b-43cf-8694-c9357ea9c525', 'Sybil', 'Xavier', 'sybil.xavier1@example.com', '555-7242', '6b3c8455-9863-45c6-af7b-9813e06fb259', 'INTERVIEW_HR', '2024-03-24 17:26:00'), ('1f63649c-b9e9-4fdf-9987-339eac12f2f6', 'Zach', 'Quinn', 'zach.quinn2@example.com', '555-3832', '6b5a19bb-3f85-49e5-b5ef-3deb8469fc58', 'SCREENING', '2023-12-07 18:06:34'), ('a346ff9e-a85b-47ff-86c3-2309d892d8eb', 'Grace', 'Quinn', 'grace.quinn3@example.com', '555-4080', 'b0b3b6aa-69e5-4e9d-855e-3b6572d71e82', 'INTERVIEW_TECH', '2024-04-06 05:17:06'), ('395d025e-df54-4a3d-988c-b13efee0f67a', 'Eve', 'Evans', 'eve.evans4@example.com', '555-9328', 'daba034f-3642-4170-ad61-cee6547d46fd', 'SCREENING', '2025-10-06 20:58:17'), ('e9e9edd8-06af-42ab-90ac-e569e5f68e6a', 'Xander', 'Evans', 'xander.evans5@example.com', '555-5649', '3343d8d9-0661-4a01-9e3a-4113d24ce448', 'HIRED', '2025-03-19 12:23:08'), ('ee4f66d3-868f-48e7-9e69-84a9c0b4d68e', 'Laura', 'Irwin', 'laura.irwin6@example.com', '555-9010', '1990bbda-3159-4518-8282-04ae3066156f', 'WITHDRAWN', '2023-12-05 16:47:24'), ('c2655c2d-a227-41b7-b8f5-71fd600155fb', 'Laura', 'Young', 'laura.young7@example.com', '555-6727', '0847465c-61a7-4f0b-bc48-389678cd24b0', 'REJECTED', '2025-12-14 03:24:18'), ('ab5d0f9b-c496-4991-b087-661163c389a4', 'Charlie', 'Smith', 'charlie.smith8@example.com', '555-2460', '0e312285-e0d1-45fc-a965-07bbf513c240', 'WITHDRAWN', '2024-09-10 22:27:54'), ('75346f12-74f6-4abd-8a7b-e5075248b66b', 'David', 'Taylor', 'david.taylor9@example.com', '555-5073', 'c0ed0ff6-cac3-4ab8-a43c-9afe36150383', 'OFFER', '2024-10-08 06:45:21'), ('6516349b-3b04-4190-bbd0-1fa92b8a25f2', 'Ivan', 'Smith', 'ivan.smith10@example.com', '555-3814', '61dd2a23-96cf-4c41-baa1-e46122c9141d', 'APPLIED', '2023-02-27 04:14:51'), ('87dbc4ea-43ac-4e4b-8359-3ba6487411e4', 'Ted', 'Xavier', 'ted.xavier11@example.com', '555-5238', '715289c2-3c7f-467f-891d-95136dfb1f6d', 'OFFER', '2024-08-13 11:11:25'), ('a8600c9e-8877-4cc2-9175-767616b2524c', 'Yvonne', 'Clark', 'yvonne.clark12@example.com', '555-9057', '3595cde3-b450-4559-85ef-1f40ad7b5dba', 'REJECTED', '2023-12-13 21:50:48'), ('efb30b99-5612-438f-ab8d-a28ef16e193b', 'Wendy', 'Evans', 'wendy.evans13@example.com', '555-2399', '0847465c-61a7-4f0b-bc48-389678cd24b0', 'WITHDRAWN', '2025-12-17 03:24:18'), ('bd35c1c7-139b-47ac-9136-29d110159f0e', 'Rupert', 'Harris', 'rupert.harris14@example.com', '555-9708', 'f0fab7b1-6489-41ae-a1ed-72da2e9e688a', 'OFFER', '2025-01-17 10:57:26'), ('9f6fa033-c181-42d4-a303-3752c7bf6aa6', 'Nina', 'Smith', 'nina.smith15@example.com', '555-1360', '1c0d0c45-f4eb-4c11-b046-4d743855bedc', 'INTERVIEW_TECH', '2025-04-10 17:47:38'), ('849d6b9f-d5b4-439e-b424-eb0c35025601', 'Uma', 'Lee', 'uma.lee16@example.com', '555-3168', 'e0e79a61-0d87-42c0-a94e-f72809908dd7', 'WITHDRAWN', '2025-06-12 19:14:30'), ('067ca1ef-8c32-40d3-91f4-244f5c262033', 'Peggy', 'Quinn', 'peggy.quinn17@example.com', '555-2374', '86b3abf8-412f-4d4f-9736-050dfe0e1244', 'HIRED', '2023-10-30 21:26:01'), ('a116c435-2524-4f8f-b9d5-4d5a58cc6c35', 'Wendy', 'King', 'wendy.king18@example.com', '555-5438', 'c0ed0ff6-cac3-4ab8-a43c-9afe36150383', 'INTERVIEW_TECH', '2024-09-26 06:45:21'), ('2ef70461-d3c6-47f5-94fe-fdc168f21704', 'Wendy', 'Nelson', 'wendy.nelson19@example.com', '555-1550', '7b5c2490-8f5e-4cee-a5c8-32799870bd3f', 'OFFER', '2024-08-12 13:26:22'), ('9c2f277e-a01a-4284-8e21-24b63ccc243e', 'Zach', 'Roberts', 'zach.roberts20@example.com', '555-4053', '1990bbda-3159-4518-8282-04ae3066156f', 'SCREENING', '2023-12-17 16:47:24'), ('b0f983c6-c4b6-4b35-a667-71383343c419', 'Heidi', 'Miller', 'heidi.miller21@example.com', '555-7866', '715289c2-3c7f-467f-891d-95136dfb1f6d', 'REJECTED', '2024-07-30 11:11:25'), ('333a76c8-cb0b-4d36-866d-bc09cdda9356', 'Ivan', 'Taylor', 'ivan.taylor22@example.com', '555-9421', '715289c2-3c7f-467f-891d-95136dfb1f6d', 'APPLIED', '2024-08-22 11:11:25'), ('2c7979e2-1c6e-4fda-bbfb-0f7749578bc9', 'Kevin', 'Xavier', 'kevin.xavier23@example.com', '555-7485', '86b3abf8-412f-4d4f-9736-050dfe0e1244', 'INTERVIEW_HR', '2023-11-15 21:26:01'), ('67a740f6-8cb4-442a-81b0-2ce5ddc29bd2', 'Grace', 'Upton', 'grace.upton24@example.com', '555-9473', '3595cde3-b450-4559-85ef-1f40ad7b5dba', 'INTERVIEW_HR', '2023-12-14 21:50:48'), ('a49ef02f-8c1f-44b1-9f1a-51f958256eb3', 'Yvonne', 'Taylor', 'yvonne.taylor25@example.com', '555-9032', '7f7bd694-4718-4c6b-8436-7e912d1a7b14', 'HIRED', '2024-05-26 06:21:38'), ('ad060fa9-639c-4af1-946f-8a42fa731ca1', 'Grace', 'Harris', 'grace.harris26@example.com', '555-2079', '7a2708d4-b88d-48f8-b8d2-90aab310386a', 'INTERVIEW_TECH', '2023-05-27 20:45:45'), ('4a6a6354-aea6-4c7e-9c31-e4a30e26f340', 'Peggy', 'Lee', 'peggy.lee27@example.com', '555-5666', '22c43f25-0115-4a69-8956-748904691c02', 'INTERVIEW_HR', '2025-05-09 07:00:18'), ('6f164e4f-0ae5-404a-a0cb-895f2d34848d', 'Victor', 'Foster', 'victor.foster28@example.com', '555-9957', 'e0e79a61-0d87-42c0-a94e-f72809908dd7', 'SCREENING', '2025-06-07 19:14:30'), ('e9d2f85b-0156-4a80-bd6c-c02bc7763f04', 'Oscar', 'Clark', 'oscar.clark29@example.com', '555-4702', '61dd2a23-96cf-4c41-baa1-e46122c9141d', 'INTERVIEW_TECH', '2023-03-22 04:14:51'), ('94b9bebc-03bf-4ced-8ede-f9c0a02514d4', 'Zach', 'Owens', 'zach.owens30@example.com', '555-1160', 'd4de59c7-a30f-4c69-bb3c-477804cbcad1', 'WITHDRAWN', '2023-08-17 22:01:49'), ('605a9c45-39b1-46a4-ac91-c5f21b2dbd25', 'Uma', 'Brown', 'uma.brown31@example.com', '555-7467', 'c7799ef4-4bd1-4fe0-a67b-0632b9330543', 'SCREENING', '2023-09-12 08:23:00'), ('09ed595b-7ec4-4575-8cef-a232d5e7473f', 'Ted', 'Upton', 'ted.upton32@example.com', '555-7573', '6b5a19bb-3f85-49e5-b5ef-3deb8469fc58', 'WITHDRAWN', '2023-11-26 18:06:34'), ('03c2bc7e-3e52-4b9e-b797-5a5a5cafb0b3', 'Yvonne', 'King', 'yvonne.king33@example.com', '555-9161', 'c598e157-05f9-4496-b417-052576924234', 'REJECTED', '2024-06-30 13:25:49'), ('27ddb027-a84c-41d3-ac7e-1f736d48856a', 'Laura', 'Quinn', 'laura.quinn34@example.com', '555-2765', '1b5065a9-db7c-4df0-aaca-8682a5386cef', 'INTERVIEW_HR', '2023-03-22 08:06:22'), ('f8ad987a-aaea-41d6-b30b-1efa848fd726', 'Victor', 'Vance', 'victor.vance35@example.com', '555-7945', '3595cde3-b450-4559-85ef-1f40ad7b5dba', 'APPLIED', '2023-11-22 21:50:48'), ('c35a6501-f388-4917-9524-673ba479c55f', 'Laura', 'Nelson', 'laura.nelson36@example.com', '555-3703', '8e497018-ba02-4ca5-93b4-a0b32af69624', 'REJECTED', '2025-09-13 09:26:12'), ('d871d509-c47d-4f4a-9f79-04e778d6b210', 'Laura', 'Upton', 'laura.upton37@example.com', '555-4121', 'b0b3b6aa-69e5-4e9d-855e-3b6572d71e82', 'WITHDRAWN', '2024-03-26 05:17:06'), ('7ea9622a-3780-4010-8120-ccd9f9a3774b', 'Mike', 'Owens', 'mike.owens38@example.com', '555-1948', 'f0fab7b1-6489-41ae-a1ed-72da2e9e688a', 'WITHDRAWN', '2025-01-16 10:57:26'), ('46a116dc-7a5b-4f5d-bd05-5bba665f3179', 'Quinn', 'Upton', 'quinn.upton39@example.com', '555-4293', 'eb371605-e9bb-4b42-8cb1-1e026f09ebcd', 'INTERVIEW_TECH', '2023-11-16 12:40:36'), ('c09eb567-e5a4-4c7d-b104-e216eef26768', 'Sybil', 'Vance', 'sybil.vance40@example.com', '555-7169', '7a2708d4-b88d-48f8-b8d2-90aab310386a', 'REJECTED', '2023-05-15 20:45:45'), ('bc310a3e-0bd5-43c5-a116-6b4a6320d7d3', 'Heidi', 'Harris', 'heidi.harris41@example.com', '555-9708', '715289c2-3c7f-467f-891d-95136dfb1f6d', 'OFFER', '2024-08-07 11:11:25'), ('bcf3fc29-5d4e-45d6-a08a-8ddb0da13938', 'Grace', 'Quinn', 'grace.quinn42@example.com', '555-1694', 'f0fab7b1-6489-41ae-a1ed-72da2e9e688a', 'INTERVIEW_HR', '2025-01-08 10:57:26'), ('077d9b93-288e-4328-a6e8-f82e842d6b6b', 'Oscar', 'King', 'oscar.king43@example.com', '555-1869', 'e0e79a61-0d87-42c0-a94e-f72809908dd7', 'OFFER', '2025-05-29 19:14:30'), ('9f698fb5-7e4e-431b-86ae-cd23eb3cc602', 'Kevin', 'Wilson', 'kevin.wilson44@example.com', '555-5459', '7f7bd694-4718-4c6b-8436-7e912d1a7b14', 'HIRED', '2024-06-12 06:21:38'), ('1432b8c3-23bc-487f-b33a-beb5c19e3f7f', 'Alice', 'Lee', 'alice.lee45@example.com', '555-6518', '1990bbda-3159-4518-8282-04ae3066156f', 'APPLIED', '2023-12-05 16:47:24'), ('5a14aab3-43a0-4519-8634-93387d17edf0', 'Judy', 'Quinn', 'judy.quinn46@example.com', '555-8407', 'd21b49d1-4444-46a7-be1d-0ca15f0a61f9', 'APPLIED', '2024-07-28 05:52:20'), ('5f020970-8097-4696-a74c-73995d435a9b', 'Laura', 'Smith', 'laura.smith47@example.com', '555-6445', '1b5065a9-db7c-4df0-aaca-8682a5386cef', 'OFFER', '2023-04-01 08:06:22'), ('dd03a3df-0c78-4864-8938-39412e15c2b7', 'Eve', 'Lee', 'eve.lee48@example.com', '555-1186', '6b5a19bb-3f85-49e5-b5ef-3deb8469fc58', 'INTERVIEW_TECH', '2023-12-04 18:06:34'), ('ebf6a333-325d-45eb-9ebb-568707bb284c', 'Alice', 'Wilson', 'alice.wilson49@example.com', '555-1535', 'c7799ef4-4bd1-4fe0-a67b-0632b9330543', 'WITHDRAWN', '2023-09-05 08:23:00'), ('238f7855-11f4-4e57-8a0b-9f5787af4659', 'Bob', 'Young', 'bob.young50@example.com', '555-6493', '7a2708d4-b88d-48f8-b8d2-90aab310386a', 'APPLIED', '2023-05-15 20:45:45'), ('70105eda-3c5c-4841-bcda-5a5706060220', 'Frank', 'King', 'frank.king51@example.com', '555-7762', 'daba034f-3642-4170-ad61-cee6547d46fd', 'WITHDRAWN', '2025-09-30 20:58:17'), ('2b2b0a15-f375-4186-8b1b-6bb2b0fd3133', 'Kevin', 'King', 'kevin.king52@example.com', '555-6577', '1990bbda-3159-4518-8282-04ae3066156f', 'WITHDRAWN', '2023-12-22 16:47:24'), ('849179a0-df09-4914-9e9f-b047dbaf3048', 'Uma', 'Lee', 'uma.lee53@example.com', '555-1730', 'f0fab7b1-6489-41ae-a1ed-72da2e9e688a', 'REJECTED', '2025-01-26 10:57:26'), ('f9c29039-0349-4564-99f0-25f8bdd219ae', 'Wendy', 'King', 'wendy.king54@example.com', '555-9431', 'b3d20221-453e-40c5-bb92-937b17ae575e', 'WITHDRAWN', '2023-05-15 03:34:30');

-- 5. Candidate Skills
INSERT INTO public.candidate_skills (candidate_id, skill_id) VALUES ('249972c5-5b25-4f9f-a5f9-b00ad6688807', (SELECT skill_id FROM public.skills WHERE name = 'TypeScript')), ('249972c5-5b25-4f9f-a5f9-b00ad6688807', (SELECT skill_id FROM public.skills WHERE name = 'Angular')), ('32a6986e-ec0b-43cf-8694-c9357ea9c525', (SELECT skill_id FROM public.skills WHERE name = 'JavaScript')), ('32a6986e-ec0b-43cf-8694-c9357ea9c525', (SELECT skill_id FROM public.skills WHERE name = 'Cypress')), ('32a6986e-ec0b-43cf-8694-c9357ea9c525', (SELECT skill_id FROM public.skills WHERE name = 'Communication')), ('1f63649c-b9e9-4fdf-9987-339eac12f2f6', (SELECT skill_id FROM public.skills WHERE name = 'TypeScript')), ('1f63649c-b9e9-4fdf-9987-339eac12f2f6', (SELECT skill_id FROM public.skills WHERE name = 'React')), ('1f63649c-b9e9-4fdf-9987-339eac12f2f6', (SELECT skill_id FROM public.skills WHERE name = '.NET')), ('1f63649c-b9e9-4fdf-9987-339eac12f2f6', (SELECT skill_id FROM public.skills WHERE name = 'Terraform')), ('a346ff9e-a85b-47ff-86c3-2309d892d8eb', (SELECT skill_id FROM public.skills WHERE name = 'Appium')), ('a346ff9e-a85b-47ff-86c3-2309d892d8eb', (SELECT skill_id FROM public.skills WHERE name = 'Azure')), ('395d025e-df54-4a3d-988c-b13efee0f67a', (SELECT skill_id FROM public.skills WHERE name = 'Azure')), ('395d025e-df54-4a3d-988c-b13efee0f67a', (SELECT skill_id FROM public.skills WHERE name = 'React')), ('395d025e-df54-4a3d-988c-b13efee0f67a', (SELECT skill_id FROM public.skills WHERE name = 'Jenkins')), ('e9e9edd8-06af-42ab-90ac-e569e5f68e6a', (SELECT skill_id FROM public.skills WHERE name = 'Azure')), ('e9e9edd8-06af-42ab-90ac-e569e5f68e6a', (SELECT skill_id FROM public.skills WHERE name = 'JavaScript')), ('e9e9edd8-06af-42ab-90ac-e569e5f68e6a', (SELECT skill_id FROM public.skills WHERE name = 'Java')), ('e9e9edd8-06af-42ab-90ac-e569e5f68e6a', (SELECT skill_id FROM public.skills WHERE name = 'Selenium')), ('ee4f66d3-868f-48e7-9e69-84a9c0b4d68e', (SELECT skill_id FROM public.skills WHERE name = 'Docker')), ('ee4f66d3-868f-48e7-9e69-84a9c0b4d68e', (SELECT skill_id FROM public.skills WHERE name = 'JIRA')), ('ee4f66d3-868f-48e7-9e69-84a9c0b4d68e', (SELECT skill_id FROM public.skills WHERE name = 'Terraform')), ('ee4f66d3-868f-48e7-9e69-84a9c0b4d68e', (SELECT skill_id FROM public.skills WHERE name = 'GCP')), ('c2655c2d-a227-41b7-b8f5-71fd600155fb', (SELECT skill_id FROM public.skills WHERE name = 'Selenium')), ('c2655c2d-a227-41b7-b8f5-71fd600155fb', (SELECT skill_id FROM public.skills WHERE name = 'C#')), ('ab5d0f9b-c496-4991-b087-661163c389a4', (SELECT skill_id FROM public.skills WHERE name = 'Python')), ('ab5d0f9b-c496-4991-b087-661163c389a4', (SELECT skill_id FROM public.skills WHERE name = 'English')), ('ab5d0f9b-c496-4991-b087-661163c389a4', (SELECT skill_id FROM public.skills WHERE name = 'Communication')), ('75346f12-74f6-4abd-8a7b-e5075248b66b', (SELECT skill_id FROM public.skills WHERE name = 'Communication')), ('75346f12-74f6-4abd-8a7b-e5075248b66b', (SELECT skill_id FROM public.skills WHERE name = 'CI/CD')), ('75346f12-74f6-4abd-8a7b-e5075248b66b', (SELECT skill_id FROM public.skills WHERE name = 'Jenkins')), ('75346f12-74f6-4abd-8a7b-e5075248b66b', (SELECT skill_id FROM public.skills WHERE name = 'Redis')), ('6516349b-3b04-4190-bbd0-1fa92b8a25f2', (SELECT skill_id FROM public.skills WHERE name = 'AWS')), ('6516349b-3b04-4190-bbd0-1fa92b8a25f2', (SELECT skill_id FROM public.skills WHERE name = 'Python')), ('87dbc4ea-43ac-4e4b-8359-3ba6487411e4', (SELECT skill_id FROM public.skills WHERE name = 'MongoDB')), ('87dbc4ea-43ac-4e4b-8359-3ba6487411e4', (SELECT skill_id FROM public.skills WHERE name = 'English')), ('87dbc4ea-43ac-4e4b-8359-3ba6487411e4', (SELECT skill_id FROM public.skills WHERE name = 'Git')), ('87dbc4ea-43ac-4e4b-8359-3ba6487411e4', (SELECT skill_id FROM public.skills WHERE name = 'GCP')), ('a8600c9e-8877-4cc2-9175-767616b2524c', (SELECT skill_id FROM public.skills WHERE name = 'Cypress')), ('a8600c9e-8877-4cc2-9175-767616b2524c', (SELECT skill_id FROM public.skills WHERE name = 'Angular')), ('a8600c9e-8877-4cc2-9175-767616b2524c', (SELECT skill_id FROM public.skills WHERE name = 'Selenium')), ('a8600c9e-8877-4cc2-9175-767616b2524c', (SELECT skill_id FROM public.skills WHERE name = 'Vue.js')), ('efb30b99-5612-438f-ab8d-a28ef16e193b', (SELECT skill_id FROM public.skills WHERE name = 'Spanish')), ('efb30b99-5612-438f-ab8d-a28ef16e193b', (SELECT skill_id FROM public.skills WHERE name = 'SQL')), ('bd35c1c7-139b-47ac-9136-29d110159f0e', (SELECT skill_id FROM public.skills WHERE name = 'Angular')), ('bd35c1c7-139b-47ac-9136-29d110159f0e', (SELECT skill_id FROM public.skills WHERE name = 'Vue.js')), ('9f6fa033-c181-42d4-a303-3752c7bf6aa6', (SELECT skill_id FROM public.skills WHERE name = 'GCP')), ('9f6fa033-c181-42d4-a303-3752c7bf6aa6', (SELECT skill_id FROM public.skills WHERE name = 'Kubernetes')), ('9f6fa033-c181-42d4-a303-3752c7bf6aa6', (SELECT skill_id FROM public.skills WHERE name = 'JavaScript')), ('9f6fa033-c181-42d4-a303-3752c7bf6aa6', (SELECT skill_id FROM public.skills WHERE name = 'Node.js')), ('849d6b9f-d5b4-439e-b424-eb0c35025601', (SELECT skill_id FROM public.skills WHERE name = 'Kubernetes')), ('849d6b9f-d5b4-439e-b424-eb0c35025601', (SELECT skill_id FROM public.skills WHERE name = 'English')), ('067ca1ef-8c32-40d3-91f4-244f5c262033', (SELECT skill_id FROM public.skills WHERE name = 'Angular')), ('067ca1ef-8c32-40d3-91f4-244f5c262033', (SELECT skill_id FROM public.skills WHERE name = 'GCP')), ('a116c435-2524-4f8f-b9d5-4d5a58cc6c35', (SELECT skill_id FROM public.skills WHERE name = 'Terraform')), ('a116c435-2524-4f8f-b9d5-4d5a58cc6c35', (SELECT skill_id FROM public.skills WHERE name = 'Redis')), ('a116c435-2524-4f8f-b9d5-4d5a58cc6c35', (SELECT skill_id FROM public.skills WHERE name = 'Python')), ('2ef70461-d3c6-47f5-94fe-fdc168f21704', (SELECT skill_id FROM public.skills WHERE name = 'Cypress')), ('2ef70461-d3c6-47f5-94fe-fdc168f21704', (SELECT skill_id FROM public.skills WHERE name = 'Scrum')), ('9c2f277e-a01a-4284-8e21-24b63ccc243e', (SELECT skill_id FROM public.skills WHERE name = 'Terraform')), ('9c2f277e-a01a-4284-8e21-24b63ccc243e', (SELECT skill_id FROM public.skills WHERE name = 'Python')), ('9c2f277e-a01a-4284-8e21-24b63ccc243e', (SELECT skill_id FROM public.skills WHERE name = 'Kubernetes')), ('9c2f277e-a01a-4284-8e21-24b63ccc243e', (SELECT skill_id FROM public.skills WHERE name = 'Spanish')), ('b0f983c6-c4b6-4b35-a667-71383343c419', (SELECT skill_id FROM public.skills WHERE name = 'TypeScript')), ('b0f983c6-c4b6-4b35-a667-71383343c419', (SELECT skill_id FROM public.skills WHERE name = 'Git')), ('333a76c8-cb0b-4d36-866d-bc09cdda9356', (SELECT skill_id FROM public.skills WHERE name = 'Angular')), ('333a76c8-cb0b-4d36-866d-bc09cdda9356', (SELECT skill_id FROM public.skills WHERE name = 'Python')), ('333a76c8-cb0b-4d36-866d-bc09cdda9356', (SELECT skill_id FROM public.skills WHERE name = 'Scrum')), ('333a76c8-cb0b-4d36-866d-bc09cdda9356', (SELECT skill_id FROM public.skills WHERE name = 'Kubernetes')), ('2c7979e2-1c6e-4fda-bbfb-0f7749578bc9', (SELECT skill_id FROM public.skills WHERE name = 'React')), ('2c7979e2-1c6e-4fda-bbfb-0f7749578bc9', (SELECT skill_id FROM public.skills WHERE name = 'JavaScript')), ('2c7979e2-1c6e-4fda-bbfb-0f7749578bc9', (SELECT skill_id FROM public.skills WHERE name = 'AWS')), ('67a740f6-8cb4-442a-81b0-2ce5ddc29bd2', (SELECT skill_id FROM public.skills WHERE name = 'English')), ('67a740f6-8cb4-442a-81b0-2ce5ddc29bd2', (SELECT skill_id FROM public.skills WHERE name = 'Cypress')), ('a49ef02f-8c1f-44b1-9f1a-51f958256eb3', (SELECT skill_id FROM public.skills WHERE name = 'Spanish')), ('a49ef02f-8c1f-44b1-9f1a-51f958256eb3', (SELECT skill_id FROM public.skills WHERE name = 'Azure')), ('a49ef02f-8c1f-44b1-9f1a-51f958256eb3', (SELECT skill_id FROM public.skills WHERE name = '.NET')), ('a49ef02f-8c1f-44b1-9f1a-51f958256eb3', (SELECT skill_id FROM public.skills WHERE name = 'CI/CD')), ('ad060fa9-639c-4af1-946f-8a42fa731ca1', (SELECT skill_id FROM public.skills WHERE name = 'English')), ('ad060fa9-639c-4af1-946f-8a42fa731ca1', (SELECT skill_id FROM public.skills WHERE name = 'Vue.js')), ('4a6a6354-aea6-4c7e-9c31-e4a30e26f340', (SELECT skill_id FROM public.skills WHERE name = 'Vue.js')), ('4a6a6354-aea6-4c7e-9c31-e4a30e26f340', (SELECT skill_id FROM public.skills WHERE name = 'JavaScript')), ('4a6a6354-aea6-4c7e-9c31-e4a30e26f340', (SELECT skill_id FROM public.skills WHERE name = 'TypeScript')), ('6f164e4f-0ae5-404a-a0cb-895f2d34848d', (SELECT skill_id FROM public.skills WHERE name = 'MongoDB')), ('6f164e4f-0ae5-404a-a0cb-895f2d34848d', (SELECT skill_id FROM public.skills WHERE name = 'Angular')), ('e9d2f85b-0156-4a80-bd6c-c02bc7763f04', (SELECT skill_id FROM public.skills WHERE name = 'Docker')), ('e9d2f85b-0156-4a80-bd6c-c02bc7763f04', (SELECT skill_id FROM public.skills WHERE name = 'Jenkins')), ('e9d2f85b-0156-4a80-bd6c-c02bc7763f04', (SELECT skill_id FROM public.skills WHERE name = 'Java')), ('94b9bebc-03bf-4ced-8ede-f9c0a02514d4', (SELECT skill_id FROM public.skills WHERE name = 'English')), ('94b9bebc-03bf-4ced-8ede-f9c0a02514d4', (SELECT skill_id FROM public.skills WHERE name = 'Vue.js')), ('605a9c45-39b1-46a4-ac91-c5f21b2dbd25', (SELECT skill_id FROM public.skills WHERE name = 'JIRA')), ('605a9c45-39b1-46a4-ac91-c5f21b2dbd25', (SELECT skill_id FROM public.skills WHERE name = 'Spanish')), ('605a9c45-39b1-46a4-ac91-c5f21b2dbd25', (SELECT skill_id FROM public.skills WHERE name = 'Node.js')), ('09ed595b-7ec4-4575-8cef-a232d5e7473f', (SELECT skill_id FROM public.skills WHERE name = 'Terraform')), ('09ed595b-7ec4-4575-8cef-a232d5e7473f', (SELECT skill_id FROM public.skills WHERE name = 'Leadership')), ('09ed595b-7ec4-4575-8cef-a232d5e7473f', (SELECT skill_id FROM public.skills WHERE name = 'SQL')), ('09ed595b-7ec4-4575-8cef-a232d5e7473f', (SELECT skill_id FROM public.skills WHERE name = 'MongoDB')), ('03c2bc7e-3e52-4b9e-b797-5a5a5cafb0b3', (SELECT skill_id FROM public.skills WHERE name = 'JavaScript')), ('03c2bc7e-3e52-4b9e-b797-5a5a5cafb0b3', (SELECT skill_id FROM public.skills WHERE name = 'Docker')), ('27ddb027-a84c-41d3-ac7e-1f736d48856a', (SELECT skill_id FROM public.skills WHERE name = 'Docker')), ('27ddb027-a84c-41d3-ac7e-1f736d48856a', (SELECT skill_id FROM public.skills WHERE name = 'Cypress')), ('27ddb027-a84c-41d3-ac7e-1f736d48856a', (SELECT skill_id FROM public.skills WHERE name = 'Selenium')), ('27ddb027-a84c-41d3-ac7e-1f736d48856a', (SELECT skill_id FROM public.skills WHERE name = 'MongoDB')), ('f8ad987a-aaea-41d6-b30b-1efa848fd726', (SELECT skill_id FROM public.skills WHERE name = 'Leadership')), ('f8ad987a-aaea-41d6-b30b-1efa848fd726', (SELECT skill_id FROM public.skills WHERE name = 'Redis')), ('f8ad987a-aaea-41d6-b30b-1efa848fd726', (SELECT skill_id FROM public.skills WHERE name = 'Java')), ('c35a6501-f388-4917-9524-673ba479c55f', (SELECT skill_id FROM public.skills WHERE name = 'PostgreSQL')), ('c35a6501-f388-4917-9524-673ba479c55f', (SELECT skill_id FROM public.skills WHERE name = 'JavaScript')), ('c35a6501-f388-4917-9524-673ba479c55f', (SELECT skill_id FROM public.skills WHERE name = 'Azure')), ('d871d509-c47d-4f4a-9f79-04e778d6b210', (SELECT skill_id FROM public.skills WHERE name = 'Node.js')), ('d871d509-c47d-4f4a-9f79-04e778d6b210', (SELECT skill_id FROM public.skills WHERE name = 'Azure')), ('d871d509-c47d-4f4a-9f79-04e778d6b210', (SELECT skill_id FROM public.skills WHERE name = 'C#')), ('7ea9622a-3780-4010-8120-ccd9f9a3774b', (SELECT skill_id FROM public.skills WHERE name = 'GCP')), ('7ea9622a-3780-4010-8120-ccd9f9a3774b', (SELECT skill_id FROM public.skills WHERE name = 'JavaScript')), ('7ea9622a-3780-4010-8120-ccd9f9a3774b', (SELECT skill_id FROM public.skills WHERE name = 'Leadership')), ('46a116dc-7a5b-4f5d-bd05-5bba665f3179', (SELECT skill_id FROM public.skills WHERE name = 'JIRA')), ('46a116dc-7a5b-4f5d-bd05-5bba665f3179', (SELECT skill_id FROM public.skills WHERE name = 'GCP')), ('46a116dc-7a5b-4f5d-bd05-5bba665f3179', (SELECT skill_id FROM public.skills WHERE name = 'Git')), ('c09eb567-e5a4-4c7d-b104-e216eef26768', (SELECT skill_id FROM public.skills WHERE name = 'CI/CD')), ('c09eb567-e5a4-4c7d-b104-e216eef26768', (SELECT skill_id FROM public.skills WHERE name = 'Node.js')), ('c09eb567-e5a4-4c7d-b104-e216eef26768', (SELECT skill_id FROM public.skills WHERE name = 'Jenkins')), ('bc310a3e-0bd5-43c5-a116-6b4a6320d7d3', (SELECT skill_id FROM public.skills WHERE name = 'Redis')), ('bc310a3e-0bd5-43c5-a116-6b4a6320d7d3', (SELECT skill_id FROM public.skills WHERE name = 'JavaScript')), ('bc310a3e-0bd5-43c5-a116-6b4a6320d7d3', (SELECT skill_id FROM public.skills WHERE name = 'Spanish')), ('bcf3fc29-5d4e-45d6-a08a-8ddb0da13938', (SELECT skill_id FROM public.skills WHERE name = 'CI/CD')), ('bcf3fc29-5d4e-45d6-a08a-8ddb0da13938', (SELECT skill_id FROM public.skills WHERE name = 'GCP')), ('bcf3fc29-5d4e-45d6-a08a-8ddb0da13938', (SELECT skill_id FROM public.skills WHERE name = 'Appium')), ('bcf3fc29-5d4e-45d6-a08a-8ddb0da13938', (SELECT skill_id FROM public.skills WHERE name = 'React')), ('077d9b93-288e-4328-a6e8-f82e842d6b6b', (SELECT skill_id FROM public.skills WHERE name = 'Spanish')), ('077d9b93-288e-4328-a6e8-f82e842d6b6b', (SELECT skill_id FROM public.skills WHERE name = 'Python')), ('9f698fb5-7e4e-431b-86ae-cd23eb3cc602', (SELECT skill_id FROM public.skills WHERE name = 'JavaScript')), ('9f698fb5-7e4e-431b-86ae-cd23eb3cc602', (SELECT skill_id FROM public.skills WHERE name = 'Vue.js')), ('9f698fb5-7e4e-431b-86ae-cd23eb3cc602', (SELECT skill_id FROM public.skills WHERE name = 'SQL')), ('9f698fb5-7e4e-431b-86ae-cd23eb3cc602', (SELECT skill_id FROM public.skills WHERE name = 'Leadership')), ('1432b8c3-23bc-487f-b33a-beb5c19e3f7f', (SELECT skill_id FROM public.skills WHERE name = 'Appium')), ('1432b8c3-23bc-487f-b33a-beb5c19e3f7f', (SELECT skill_id FROM public.skills WHERE name = 'JavaScript')), ('1432b8c3-23bc-487f-b33a-beb5c19e3f7f', (SELECT skill_id FROM public.skills WHERE name = 'Jenkins')), ('5a14aab3-43a0-4519-8634-93387d17edf0', (SELECT skill_id FROM public.skills WHERE name = 'Kubernetes')), ('5a14aab3-43a0-4519-8634-93387d17edf0', (SELECT skill_id FROM public.skills WHERE name = 'Communication')), ('5a14aab3-43a0-4519-8634-93387d17edf0', (SELECT skill_id FROM public.skills WHERE name = 'SQL')), ('5f020970-8097-4696-a74c-73995d435a9b', (SELECT skill_id FROM public.skills WHERE name = 'Selenium')), ('5f020970-8097-4696-a74c-73995d435a9b', (SELECT skill_id FROM public.skills WHERE name = 'Terraform')), ('5f020970-8097-4696-a74c-73995d435a9b', (SELECT skill_id FROM public.skills WHERE name = 'Scrum')), ('dd03a3df-0c78-4864-8938-39412e15c2b7', (SELECT skill_id FROM public.skills WHERE name = 'Angular')), ('dd03a3df-0c78-4864-8938-39412e15c2b7', (SELECT skill_id FROM public.skills WHERE name = 'English')), ('dd03a3df-0c78-4864-8938-39412e15c2b7', (SELECT skill_id FROM public.skills WHERE name = 'Terraform')), ('ebf6a333-325d-45eb-9ebb-568707bb284c', (SELECT skill_id FROM public.skills WHERE name = 'Selenium')), ('ebf6a333-325d-45eb-9ebb-568707bb284c', (SELECT skill_id FROM public.skills WHERE name = 'Scrum')), ('ebf6a333-325d-45eb-9ebb-568707bb284c', (SELECT skill_id FROM public.skills WHERE name = 'English')), ('238f7855-11f4-4e57-8a0b-9f5787af4659', (SELECT skill_id FROM public.skills WHERE name = 'MongoDB')), ('238f7855-11f4-4e57-8a0b-9f5787af4659', (SELECT skill_id FROM public.skills WHERE name = 'Git')), ('238f7855-11f4-4e57-8a0b-9f5787af4659', (SELECT skill_id FROM public.skills WHERE name = 'Selenium')), ('238f7855-11f4-4e57-8a0b-9f5787af4659', (SELECT skill_id FROM public.skills WHERE name = 'TypeScript')), ('70105eda-3c5c-4841-bcda-5a5706060220', (SELECT skill_id FROM public.skills WHERE name = 'Redis')), ('70105eda-3c5c-4841-bcda-5a5706060220', (SELECT skill_id FROM public.skills WHERE name = 'JIRA')), ('2b2b0a15-f375-4186-8b1b-6bb2b0fd3133', (SELECT skill_id FROM public.skills WHERE name = 'Angular')), ('2b2b0a15-f375-4186-8b1b-6bb2b0fd3133', (SELECT skill_id FROM public.skills WHERE name = 'C#')), ('2b2b0a15-f375-4186-8b1b-6bb2b0fd3133', (SELECT skill_id FROM public.skills WHERE name = 'SQL')), ('849179a0-df09-4914-9e9f-b047dbaf3048', (SELECT skill_id FROM public.skills WHERE name = 'MongoDB')), ('849179a0-df09-4914-9e9f-b047dbaf3048', (SELECT skill_id FROM public.skills WHERE name = 'Vue.js')), ('f9c29039-0349-4564-99f0-25f8bdd219ae', (SELECT skill_id FROM public.skills WHERE name = 'Docker')), ('f9c29039-0349-4564-99f0-25f8bdd219ae', (SELECT skill_id FROM public.skills WHERE name = 'Cypress'));

-- 6. Interviews
INSERT INTO public.interviews (interview_id, candidate_id, interviewer_id, title, interview_type, start_time, end_time, status) VALUES ('4651b47f-4fc9-4a91-b79a-004b18a9ffde', '249972c5-5b25-4f9f-a5f9-b00ad6688807', '61f02dd6-b98b-42d0-a1da-90d414575aad', 'MANAGERIAL Interview', 'MANAGERIAL', '2024-06-02 16:00:00', '2024-06-02 17:00:00', 'SCHEDULED'), ('4400f5e5-22a7-45f2-8394-fb1c0a2a33f7', '249972c5-5b25-4f9f-a5f9-b00ad6688807', 'bb68c1fb-fd0c-4c1d-a1d4-7cddea66a25e', 'CULTURAL Interview', 'CULTURAL', '2024-06-05 11:00:00', '2024-06-05 12:00:00', 'CANCELLED'), ('cf65e999-6da7-43e5-9fe3-7586d49e7a89', '32a6986e-ec0b-43cf-8694-c9357ea9c525', 'bb68c1fb-fd0c-4c1d-a1d4-7cddea66a25e', 'MANAGERIAL Interview', 'MANAGERIAL', '2024-03-26 16:00:00', '2024-03-26 17:00:00', 'NO_SHOW'), ('9347ce32-1824-4666-8fe2-0896713e6351', '32a6986e-ec0b-43cf-8694-c9357ea9c525', '61f02dd6-b98b-42d0-a1da-90d414575aad', 'TECHNICAL Interview', 'TECHNICAL', '2024-04-02 13:00:00', '2024-04-02 14:00:00', 'CANCELLED'), ('356452e3-9a7e-4ba7-b261-1b6b61837b14', '32a6986e-ec0b-43cf-8694-c9357ea9c525', '4b60acfd-dcbc-4de3-a6b3-d4e8a8564616', 'MANAGERIAL Interview', 'MANAGERIAL', '2024-04-08 10:00:00', '2024-04-08 11:00:00', 'SCHEDULED'), ('a9b84626-f849-48a1-9ece-321c6713468c', '1f63649c-b9e9-4fdf-9987-339eac12f2f6', '966a8046-23bf-488f-aa31-5ce0a5af3ac1', 'HR Interview', 'HR', '2023-12-11 14:00:00', '2023-12-11 15:00:00', 'COMPLETED'), ('0ad6b01e-30da-4d51-a2c0-c4d98de5efb3', 'a346ff9e-a85b-47ff-86c3-2309d892d8eb', '4b60acfd-dcbc-4de3-a6b3-d4e8a8564616', 'CULTURAL Interview', 'CULTURAL', '2024-04-13 10:00:00', '2024-04-13 11:00:00', 'COMPLETED'), ('238cc221-51b5-425d-a01c-4b0e6f44e89a', 'a346ff9e-a85b-47ff-86c3-2309d892d8eb', '3a824e73-ac35-4fcd-99c8-6c7963e4ba4c', 'MANAGERIAL Interview', 'MANAGERIAL', '2024-04-20 14:00:00', '2024-04-20 15:00:00', 'COMPLETED'), ('8ab04904-9c0c-49c3-a408-62bb17f937f5', '395d025e-df54-4a3d-988c-b13efee0f67a', '4b60acfd-dcbc-4de3-a6b3-d4e8a8564616', 'CULTURAL Interview', 'CULTURAL', '2025-10-10 11:00:00', '2025-10-10 12:00:00', 'NO_SHOW'), ('c7c76711-d393-457c-966c-e06f15e66559', '395d025e-df54-4a3d-988c-b13efee0f67a', '61f02dd6-b98b-42d0-a1da-90d414575aad', 'TECHNICAL Interview', 'TECHNICAL', '2025-10-15 13:00:00', '2025-10-15 14:00:00', 'SCHEDULED'), ('bbdca582-a811-4c02-92a0-3a576bb6d5b0', 'e9e9edd8-06af-42ab-90ac-e569e5f68e6a', '4b60acfd-dcbc-4de3-a6b3-d4e8a8564616', 'MANAGERIAL Interview', 'MANAGERIAL', '2025-03-24 11:00:00', '2025-03-24 12:00:00', 'NO_SHOW'), ('0e648a34-2eaf-4619-8113-9da282a266f1', 'e9e9edd8-06af-42ab-90ac-e569e5f68e6a', 'bb68c1fb-fd0c-4c1d-a1d4-7cddea66a25e', 'CULTURAL Interview', 'CULTURAL', '2025-03-27 15:00:00', '2025-03-27 16:00:00', 'CANCELLED'), ('bb0fb5bf-0200-46b8-8669-c60a0f1f9297', 'ee4f66d3-868f-48e7-9e69-84a9c0b4d68e', '4b60acfd-dcbc-4de3-a6b3-d4e8a8564616', 'CULTURAL Interview', 'CULTURAL', '2023-12-07 10:00:00', '2023-12-07 11:00:00', 'NO_SHOW'), ('15a10e37-b128-4d23-8d9b-b42160cf82a3', 'ee4f66d3-868f-48e7-9e69-84a9c0b4d68e', 'bb68c1fb-fd0c-4c1d-a1d4-7cddea66a25e', 'CULTURAL Interview', 'CULTURAL', '2023-12-11 14:00:00', '2023-12-11 15:00:00', 'NO_SHOW'), ('440aa9bc-6ed3-4ec5-8b13-a8ea95213f2a', 'c2655c2d-a227-41b7-b8f5-71fd600155fb', '2b0e0cc6-43e6-4e33-aec9-638f61c9cae4', 'TECHNICAL Interview', 'TECHNICAL', '2025-12-17 13:00:00', '2025-12-17 14:00:00', 'SCHEDULED'), ('4970811b-0c32-4e0c-88dd-11d38321074d', 'ab5d0f9b-c496-4991-b087-661163c389a4', '3a824e73-ac35-4fcd-99c8-6c7963e4ba4c', 'MANAGERIAL Interview', 'MANAGERIAL', '2024-09-12 09:00:00', '2024-09-12 10:00:00', 'SCHEDULED'), ('d13f534d-68d9-49a5-b6c9-80acc0c698a5', 'ab5d0f9b-c496-4991-b087-661163c389a4', '2b0e0cc6-43e6-4e33-aec9-638f61c9cae4', 'CULTURAL Interview', 'CULTURAL', '2024-09-19 16:00:00', '2024-09-19 17:00:00', 'COMPLETED'), ('78a51bdb-aa0f-4864-b4d4-80dbd2c9a39a', '75346f12-74f6-4abd-8a7b-e5075248b66b', '3a824e73-ac35-4fcd-99c8-6c7963e4ba4c', 'MANAGERIAL Interview', 'MANAGERIAL', '2024-10-10 15:00:00', '2024-10-10 16:00:00', 'SCHEDULED'), ('9a4cca4b-8ab0-4cb2-946e-c01b87b12b24', '75346f12-74f6-4abd-8a7b-e5075248b66b', '61f02dd6-b98b-42d0-a1da-90d414575aad', 'TECHNICAL Interview', 'TECHNICAL', '2024-10-17 09:00:00', '2024-10-17 10:00:00', 'SCHEDULED'), ('5b2617e9-c09b-46a7-9a25-647ec91a7d5e', '75346f12-74f6-4abd-8a7b-e5075248b66b', '2b0e0cc6-43e6-4e33-aec9-638f61c9cae4', 'TECHNICAL Interview', 'TECHNICAL', '2024-10-24 15:00:00', '2024-10-24 16:00:00', 'NO_SHOW'), ('a40b54bc-6a82-44cd-a9e6-03a703074d85', '87dbc4ea-43ac-4e4b-8359-3ba6487411e4', '8ab48564-ed6a-4866-bc75-64275052c44c', 'HR Interview', 'HR', '2024-08-15 16:00:00', '2024-08-15 17:00:00', 'NO_SHOW'), ('b9839b1a-cbf9-4993-9f6d-a21a5364ddbe', '87dbc4ea-43ac-4e4b-8359-3ba6487411e4', '61f02dd6-b98b-42d0-a1da-90d414575aad', 'CULTURAL Interview', 'CULTURAL', '2024-08-21 16:00:00', '2024-08-21 17:00:00', 'COMPLETED'), ('f222a8fe-f456-4195-9363-802a9d1271a9', '87dbc4ea-43ac-4e4b-8359-3ba6487411e4', '61f02dd6-b98b-42d0-a1da-90d414575aad', 'MANAGERIAL Interview', 'MANAGERIAL', '2024-08-28 14:00:00', '2024-08-28 15:00:00', 'NO_SHOW'), ('89c1eda4-f1d4-4957-8695-8cd351388f7f', 'a8600c9e-8877-4cc2-9175-767616b2524c', '2b0e0cc6-43e6-4e33-aec9-638f61c9cae4', 'TECHNICAL Interview', 'TECHNICAL', '2023-12-18 10:00:00', '2023-12-18 11:00:00', 'CANCELLED'), ('79b2ed62-2f8f-48de-8d32-66d03a81b591', 'efb30b99-5612-438f-ab8d-a28ef16e193b', '4b60acfd-dcbc-4de3-a6b3-d4e8a8564616', 'CULTURAL Interview', 'CULTURAL', '2025-12-19 09:00:00', '2025-12-19 10:00:00', 'COMPLETED'), ('a774fb9f-fdad-455d-8393-1213d897b5f9', 'bd35c1c7-139b-47ac-9136-29d110159f0e', '4b60acfd-dcbc-4de3-a6b3-d4e8a8564616', 'TECHNICAL Interview', 'TECHNICAL', '2025-01-22 15:00:00', '2025-01-22 16:00:00', 'CANCELLED'), ('5b123269-137b-4279-b94a-f413b034171b', 'bd35c1c7-139b-47ac-9136-29d110159f0e', '4b60acfd-dcbc-4de3-a6b3-d4e8a8564616', 'CULTURAL Interview', 'CULTURAL', '2025-01-26 14:00:00', '2025-01-26 15:00:00', 'CANCELLED'), ('d152810c-1cdc-4fca-bfd5-ac7ae30d8943', 'bd35c1c7-139b-47ac-9136-29d110159f0e', '3a824e73-ac35-4fcd-99c8-6c7963e4ba4c', 'CULTURAL Interview', 'CULTURAL', '2025-02-01 11:00:00', '2025-02-01 12:00:00', 'SCHEDULED'), ('392428c9-f864-49ef-a2a1-35527fe89b5e', '9f6fa033-c181-42d4-a303-3752c7bf6aa6', '3a824e73-ac35-4fcd-99c8-6c7963e4ba4c', 'CULTURAL Interview', 'CULTURAL', '2025-04-16 08:00:00', '2025-04-16 09:00:00', 'NO_SHOW'), ('ec7cbe33-9de4-4e4f-bb46-9336f4b31411', '849d6b9f-d5b4-439e-b424-eb0c35025601', '2b0e0cc6-43e6-4e33-aec9-638f61c9cae4', 'CULTURAL Interview', 'CULTURAL', '2025-06-17 13:00:00', '2025-06-17 14:00:00', 'SCHEDULED'), ('273c96d6-20c8-4acd-bc03-71d1b7282607', '067ca1ef-8c32-40d3-91f4-244f5c262033', '966a8046-23bf-488f-aa31-5ce0a5af3ac1', 'HR Interview', 'HR', '2023-11-05 16:00:00', '2023-11-05 17:00:00', 'CANCELLED'), ('bca368b5-c174-4843-9d71-96e8b6909e95', '067ca1ef-8c32-40d3-91f4-244f5c262033', '2b0e0cc6-43e6-4e33-aec9-638f61c9cae4', 'TECHNICAL Interview', 'TECHNICAL', '2023-11-08 12:00:00', '2023-11-08 13:00:00', 'CANCELLED'), ('1a70d25d-9141-4a47-9704-afe3c0c2c227', '067ca1ef-8c32-40d3-91f4-244f5c262033', '3a824e73-ac35-4fcd-99c8-6c7963e4ba4c', 'CULTURAL Interview', 'CULTURAL', '2023-11-15 08:00:00', '2023-11-15 09:00:00', 'COMPLETED'), ('1421745a-1f2a-46cd-ba48-d3ef3559f080', 'a116c435-2524-4f8f-b9d5-4d5a58cc6c35', 'bb68c1fb-fd0c-4c1d-a1d4-7cddea66a25e', 'TECHNICAL Interview', 'TECHNICAL', '2024-10-01 11:00:00', '2024-10-01 12:00:00', 'SCHEDULED'), ('abc5a806-643b-4861-bae1-6468cc787b91', '2ef70461-d3c6-47f5-94fe-fdc168f21704', 'bb68c1fb-fd0c-4c1d-a1d4-7cddea66a25e', 'TECHNICAL Interview', 'TECHNICAL', '2024-08-17 08:00:00', '2024-08-17 09:00:00', 'NO_SHOW'), ('503f0008-b4e4-4e19-8cb6-c530da235a00', '9c2f277e-a01a-4284-8e21-24b63ccc243e', '3a824e73-ac35-4fcd-99c8-6c7963e4ba4c', 'TECHNICAL Interview', 'TECHNICAL', '2023-12-21 11:00:00', '2023-12-21 12:00:00', 'CANCELLED'), ('203b6e0d-c9a0-4a31-9d49-566630dceb19', '9c2f277e-a01a-4284-8e21-24b63ccc243e', '61f02dd6-b98b-42d0-a1da-90d414575aad', 'CULTURAL Interview', 'CULTURAL', '2023-12-24 14:00:00', '2023-12-24 15:00:00', 'COMPLETED'), ('37f6f836-a30e-403a-85d0-67a32625eb66', '9c2f277e-a01a-4284-8e21-24b63ccc243e', '61f02dd6-b98b-42d0-a1da-90d414575aad', 'CULTURAL Interview', 'CULTURAL', '2023-12-28 08:00:00', '2023-12-28 09:00:00', 'SCHEDULED'), ('c9cca8ae-d0e8-4045-b476-2d37704939dc', 'b0f983c6-c4b6-4b35-a667-71383343c419', '966a8046-23bf-488f-aa31-5ce0a5af3ac1', 'HR Interview', 'HR', '2024-08-05 14:00:00', '2024-08-05 15:00:00', 'SCHEDULED'), ('97583b2b-67ec-4c8b-9be6-e63ea6e22fed', '2c7979e2-1c6e-4fda-bbfb-0f7749578bc9', '4b60acfd-dcbc-4de3-a6b3-d4e8a8564616', 'TECHNICAL Interview', 'TECHNICAL', '2023-11-22 14:00:00', '2023-11-22 15:00:00', 'NO_SHOW'), ('b3d1d4a7-6f97-4478-8cc1-48b72051c77a', '67a740f6-8cb4-442a-81b0-2ce5ddc29bd2', '966a8046-23bf-488f-aa31-5ce0a5af3ac1', 'HR Interview', 'HR', '2023-12-19 13:00:00', '2023-12-19 14:00:00', 'SCHEDULED'), ('2bd45f9d-9978-4560-a243-e3ebf261e61b', '67a740f6-8cb4-442a-81b0-2ce5ddc29bd2', '2b0e0cc6-43e6-4e33-aec9-638f61c9cae4', 'MANAGERIAL Interview', 'MANAGERIAL', '2023-12-26 16:00:00', '2023-12-26 17:00:00', 'NO_SHOW'), ('9d00f04b-6bca-46bf-b711-3f782b3e9671', '67a740f6-8cb4-442a-81b0-2ce5ddc29bd2', '4b60acfd-dcbc-4de3-a6b3-d4e8a8564616', 'MANAGERIAL Interview', 'MANAGERIAL', '2023-12-28 15:00:00', '2023-12-28 16:00:00', 'NO_SHOW'), ('3b0d69ec-65b2-476a-ad51-3c9d7a55a05b', 'a49ef02f-8c1f-44b1-9f1a-51f958256eb3', '3a824e73-ac35-4fcd-99c8-6c7963e4ba4c', 'MANAGERIAL Interview', 'MANAGERIAL', '2024-06-01 13:00:00', '2024-06-01 14:00:00', 'CANCELLED'), ('3e986509-9717-4a30-9109-50b6dbbc2c7b', 'a49ef02f-8c1f-44b1-9f1a-51f958256eb3', '2b0e0cc6-43e6-4e33-aec9-638f61c9cae4', 'TECHNICAL Interview', 'TECHNICAL', '2024-06-05 12:00:00', '2024-06-05 13:00:00', 'CANCELLED'), ('9d11acb9-08d4-44a2-a245-7c7ce6d1d359', 'ad060fa9-639c-4af1-946f-8a42fa731ca1', '966a8046-23bf-488f-aa31-5ce0a5af3ac1', 'HR Interview', 'HR', '2023-05-30 14:00:00', '2023-05-30 15:00:00', 'CANCELLED'), ('2c80a583-b74f-410c-91f2-bf4ce90d5183', 'ad060fa9-639c-4af1-946f-8a42fa731ca1', '61f02dd6-b98b-42d0-a1da-90d414575aad', 'CULTURAL Interview', 'CULTURAL', '2023-06-02 12:00:00', '2023-06-02 13:00:00', 'SCHEDULED'), ('d403ee5d-598f-40ab-a7ef-0f5e9277a52a', '4a6a6354-aea6-4c7e-9c31-e4a30e26f340', '3a824e73-ac35-4fcd-99c8-6c7963e4ba4c', 'TECHNICAL Interview', 'TECHNICAL', '2025-05-15 14:00:00', '2025-05-15 15:00:00', 'NO_SHOW'), ('99a86642-58c9-433c-885c-c94d37d6889c', '4a6a6354-aea6-4c7e-9c31-e4a30e26f340', '966a8046-23bf-488f-aa31-5ce0a5af3ac1', 'HR Interview', 'HR', '2025-05-21 08:00:00', '2025-05-21 09:00:00', 'COMPLETED'), ('a68f599a-27e6-4aeb-9f18-99d97ac9c3d1', '6f164e4f-0ae5-404a-a0cb-895f2d34848d', '966a8046-23bf-488f-aa31-5ce0a5af3ac1', 'HR Interview', 'HR', '2025-06-13 14:00:00', '2025-06-13 15:00:00', 'COMPLETED'), ('a1306c75-d65d-479f-9136-6b1d4ebf2dca', 'e9d2f85b-0156-4a80-bd6c-c02bc7763f04', '61f02dd6-b98b-42d0-a1da-90d414575aad', 'TECHNICAL Interview', 'TECHNICAL', '2023-03-28 09:00:00', '2023-03-28 10:00:00', 'SCHEDULED'), ('342d599d-4020-40e4-9175-bae86e3546aa', '94b9bebc-03bf-4ced-8ede-f9c0a02514d4', 'bb68c1fb-fd0c-4c1d-a1d4-7cddea66a25e', 'CULTURAL Interview', 'CULTURAL', '2023-08-19 15:00:00', '2023-08-19 16:00:00', 'SCHEDULED'), ('583b0ec6-17a1-4539-a98b-bf2051180063', '94b9bebc-03bf-4ced-8ede-f9c0a02514d4', '8ab48564-ed6a-4866-bc75-64275052c44c', 'HR Interview', 'HR', '2023-08-23 13:00:00', '2023-08-23 14:00:00', 'NO_SHOW'), ('fcf219c2-d2d8-4f3a-a4a3-86ab2a6ad163', '605a9c45-39b1-46a4-ac91-c5f21b2dbd25', '8ab48564-ed6a-4866-bc75-64275052c44c', 'HR Interview', 'HR', '2023-09-18 16:00:00', '2023-09-18 17:00:00', 'COMPLETED'), ('1c5eadc0-7855-4c56-aa98-229385841d47', '09ed595b-7ec4-4575-8cef-a232d5e7473f', '61f02dd6-b98b-42d0-a1da-90d414575aad', 'TECHNICAL Interview', 'TECHNICAL', '2023-11-30 11:00:00', '2023-11-30 12:00:00', 'COMPLETED'), ('081c1e3f-cbc1-45a5-94a3-b7c0c6dc80e8', '09ed595b-7ec4-4575-8cef-a232d5e7473f', '2b0e0cc6-43e6-4e33-aec9-638f61c9cae4', 'TECHNICAL Interview', 'TECHNICAL', '2023-12-07 16:00:00', '2023-12-07 17:00:00', 'NO_SHOW'), ('72fb0497-cba9-4174-b845-85cd654b0b36', '09ed595b-7ec4-4575-8cef-a232d5e7473f', '8ab48564-ed6a-4866-bc75-64275052c44c', 'HR Interview', 'HR', '2023-12-10 09:00:00', '2023-12-10 10:00:00', 'SCHEDULED'), ('255f3811-ad55-4d47-9e83-f3d96d74041d', '03c2bc7e-3e52-4b9e-b797-5a5a5cafb0b3', 'bb68c1fb-fd0c-4c1d-a1d4-7cddea66a25e', 'MANAGERIAL Interview', 'MANAGERIAL', '2024-07-07 16:00:00', '2024-07-07 17:00:00', 'COMPLETED'), ('5c1d248e-3dcc-4745-8a0f-345357d02497', '27ddb027-a84c-41d3-ac7e-1f736d48856a', '2b0e0cc6-43e6-4e33-aec9-638f61c9cae4', 'MANAGERIAL Interview', 'MANAGERIAL', '2023-03-24 13:00:00', '2023-03-24 14:00:00', 'CANCELLED'), ('26e5e1b5-9ad1-41fb-ab3d-e4bedc858378', 'c35a6501-f388-4917-9524-673ba479c55f', 'bb68c1fb-fd0c-4c1d-a1d4-7cddea66a25e', 'TECHNICAL Interview', 'TECHNICAL', '2025-09-16 09:00:00', '2025-09-16 10:00:00', 'SCHEDULED'), ('47f0d1ea-aa4c-4e2d-b9a2-977e40c16108', 'c35a6501-f388-4917-9524-673ba479c55f', '4b60acfd-dcbc-4de3-a6b3-d4e8a8564616', 'MANAGERIAL Interview', 'MANAGERIAL', '2025-09-21 16:00:00', '2025-09-21 17:00:00', 'SCHEDULED'), ('f2c7c86a-6eae-4c22-a43a-91489363ca06', 'c35a6501-f388-4917-9524-673ba479c55f', '966a8046-23bf-488f-aa31-5ce0a5af3ac1', 'HR Interview', 'HR', '2025-09-25 14:00:00', '2025-09-25 15:00:00', 'CANCELLED'), ('b95b2b49-0db6-45f2-9d82-3747b4844cad', 'd871d509-c47d-4f4a-9f79-04e778d6b210', '2b0e0cc6-43e6-4e33-aec9-638f61c9cae4', 'MANAGERIAL Interview', 'MANAGERIAL', '2024-04-02 10:00:00', '2024-04-02 11:00:00', 'SCHEDULED'), ('4533ea11-e84c-4c44-909c-cda38b6ad0c1', 'd871d509-c47d-4f4a-9f79-04e778d6b210', '4b60acfd-dcbc-4de3-a6b3-d4e8a8564616', 'MANAGERIAL Interview', 'MANAGERIAL', '2024-04-09 12:00:00', '2024-04-09 13:00:00', 'NO_SHOW'), ('de22b79a-d332-4267-b355-d51d8843f791', '7ea9622a-3780-4010-8120-ccd9f9a3774b', '4b60acfd-dcbc-4de3-a6b3-d4e8a8564616', 'TECHNICAL Interview', 'TECHNICAL', '2025-01-18 16:00:00', '2025-01-18 17:00:00', 'CANCELLED'), ('4a541990-771e-45d4-bb21-f4b50e022ff1', '7ea9622a-3780-4010-8120-ccd9f9a3774b', '8ab48564-ed6a-4866-bc75-64275052c44c', 'HR Interview', 'HR', '2025-01-22 08:00:00', '2025-01-22 09:00:00', 'NO_SHOW'), ('4db6ce4d-ff2d-44e0-a822-da0c263fee33', '7ea9622a-3780-4010-8120-ccd9f9a3774b', '8ab48564-ed6a-4866-bc75-64275052c44c', 'HR Interview', 'HR', '2025-01-24 13:00:00', '2025-01-24 14:00:00', 'NO_SHOW'), ('715af05c-0aa4-4e05-ac5f-3e64002930dd', '46a116dc-7a5b-4f5d-bd05-5bba665f3179', '61f02dd6-b98b-42d0-a1da-90d414575aad', 'CULTURAL Interview', 'CULTURAL', '2023-11-21 12:00:00', '2023-11-21 13:00:00', 'COMPLETED'), ('58aa77e7-bca1-4cae-917f-11ae4f9451ed', '46a116dc-7a5b-4f5d-bd05-5bba665f3179', '61f02dd6-b98b-42d0-a1da-90d414575aad', 'CULTURAL Interview', 'CULTURAL', '2023-11-23 14:00:00', '2023-11-23 15:00:00', 'COMPLETED'), ('35349742-5e52-4ec9-941c-09824766b853', '46a116dc-7a5b-4f5d-bd05-5bba665f3179', '3a824e73-ac35-4fcd-99c8-6c7963e4ba4c', 'TECHNICAL Interview', 'TECHNICAL', '2023-11-26 08:00:00', '2023-11-26 09:00:00', 'NO_SHOW'), ('20d80254-584a-4aa7-9b0f-e7390c0ec734', 'c09eb567-e5a4-4c7d-b104-e216eef26768', '3a824e73-ac35-4fcd-99c8-6c7963e4ba4c', 'TECHNICAL Interview', 'TECHNICAL', '2023-05-19 11:00:00', '2023-05-19 12:00:00', 'NO_SHOW'), ('974d6e8b-fbed-46f4-94bd-34bffcbb9c29', 'bc310a3e-0bd5-43c5-a116-6b4a6320d7d3', 'bb68c1fb-fd0c-4c1d-a1d4-7cddea66a25e', 'TECHNICAL Interview', 'TECHNICAL', '2024-08-11 13:00:00', '2024-08-11 14:00:00', 'SCHEDULED'), ('a354dc4b-1783-4f22-af5c-5149cb3bfb8d', 'bcf3fc29-5d4e-45d6-a08a-8ddb0da13938', '8ab48564-ed6a-4866-bc75-64275052c44c', 'HR Interview', 'HR', '2025-01-13 15:00:00', '2025-01-13 16:00:00', 'COMPLETED'), ('316c5a4a-d08a-4582-b044-af320de3587c', 'bcf3fc29-5d4e-45d6-a08a-8ddb0da13938', '2b0e0cc6-43e6-4e33-aec9-638f61c9cae4', 'TECHNICAL Interview', 'TECHNICAL', '2025-01-19 16:00:00', '2025-01-19 17:00:00', 'SCHEDULED'), ('c65bc2df-a46f-4234-a529-5592968607df', '077d9b93-288e-4328-a6e8-f82e842d6b6b', '966a8046-23bf-488f-aa31-5ce0a5af3ac1', 'HR Interview', 'HR', '2025-06-03 09:00:00', '2025-06-03 10:00:00', 'SCHEDULED'), ('75812a9f-a60a-463e-8f92-128288b3f486', '077d9b93-288e-4328-a6e8-f82e842d6b6b', '2b0e0cc6-43e6-4e33-aec9-638f61c9cae4', 'CULTURAL Interview', 'CULTURAL', '2025-06-07 10:00:00', '2025-06-07 11:00:00', 'NO_SHOW'), ('da49ce5a-d85f-4717-9f83-44ae7f47d59a', '9f698fb5-7e4e-431b-86ae-cd23eb3cc602', 'bb68c1fb-fd0c-4c1d-a1d4-7cddea66a25e', 'MANAGERIAL Interview', 'MANAGERIAL', '2024-06-15 14:00:00', '2024-06-15 15:00:00', 'SCHEDULED'), ('98dfbfda-9b24-4d2e-92b2-824c60f7ae52', '5f020970-8097-4696-a74c-73995d435a9b', '966a8046-23bf-488f-aa31-5ce0a5af3ac1', 'HR Interview', 'HR', '2023-04-08 10:00:00', '2023-04-08 11:00:00', 'NO_SHOW'), ('a959304d-2e2d-4535-b204-ac3e250228e3', 'dd03a3df-0c78-4864-8938-39412e15c2b7', '4b60acfd-dcbc-4de3-a6b3-d4e8a8564616', 'TECHNICAL Interview', 'TECHNICAL', '2023-12-07 08:00:00', '2023-12-07 09:00:00', 'CANCELLED'), ('1797a70d-e8e5-4123-8a0b-78d4e9c89a66', 'dd03a3df-0c78-4864-8938-39412e15c2b7', '4b60acfd-dcbc-4de3-a6b3-d4e8a8564616', 'MANAGERIAL Interview', 'MANAGERIAL', '2023-12-11 09:00:00', '2023-12-11 10:00:00', 'COMPLETED'), ('56e4a7d2-0566-4ce1-af88-f0f44f08f031', 'ebf6a333-325d-45eb-9ebb-568707bb284c', '966a8046-23bf-488f-aa31-5ce0a5af3ac1', 'HR Interview', 'HR', '2023-09-11 15:00:00', '2023-09-11 16:00:00', 'COMPLETED'), ('45f8ee15-d4df-4f77-935c-506a8ca856bf', '70105eda-3c5c-4841-bcda-5a5706060220', 'bb68c1fb-fd0c-4c1d-a1d4-7cddea66a25e', 'MANAGERIAL Interview', 'MANAGERIAL', '2025-10-06 14:00:00', '2025-10-06 15:00:00', 'COMPLETED'), ('d249411e-2cec-49cf-a640-be8957188578', '70105eda-3c5c-4841-bcda-5a5706060220', '4b60acfd-dcbc-4de3-a6b3-d4e8a8564616', 'TECHNICAL Interview', 'TECHNICAL', '2025-10-11 08:00:00', '2025-10-11 09:00:00', 'SCHEDULED'), ('412861d4-5a5b-4913-95f6-3a47860b7201', '2b2b0a15-f375-4186-8b1b-6bb2b0fd3133', '3a824e73-ac35-4fcd-99c8-6c7963e4ba4c', 'CULTURAL Interview', 'CULTURAL', '2023-12-29 11:00:00', '2023-12-29 12:00:00', 'COMPLETED'), ('1b803334-814f-4e03-b7b7-f113d2612a6e', '2b2b0a15-f375-4186-8b1b-6bb2b0fd3133', '3a824e73-ac35-4fcd-99c8-6c7963e4ba4c', 'CULTURAL Interview', 'CULTURAL', '2024-01-05 15:00:00', '2024-01-05 16:00:00', 'COMPLETED'), ('72b6d551-4560-4aeb-a8c0-d320fd673127', '2b2b0a15-f375-4186-8b1b-6bb2b0fd3133', '4b60acfd-dcbc-4de3-a6b3-d4e8a8564616', 'MANAGERIAL Interview', 'MANAGERIAL', '2024-01-09 08:00:00', '2024-01-09 09:00:00', 'NO_SHOW'), ('6bf1aad8-74a8-417b-ba8f-76a8f4dc616e', '849179a0-df09-4914-9e9f-b047dbaf3048', '61f02dd6-b98b-42d0-a1da-90d414575aad', 'TECHNICAL Interview', 'TECHNICAL', '2025-01-31 10:00:00', '2025-01-31 11:00:00', 'COMPLETED'), ('bf7527aa-58f6-44ba-a319-3b55739d226a', 'f9c29039-0349-4564-99f0-25f8bdd219ae', '4b60acfd-dcbc-4de3-a6b3-d4e8a8564616', 'MANAGERIAL Interview', 'MANAGERIAL', '2023-05-22 14:00:00', '2023-05-22 15:00:00', 'NO_SHOW'), ('f593f0b9-0204-40b3-b461-4f2dfb7a729f', 'f9c29039-0349-4564-99f0-25f8bdd219ae', '4b60acfd-dcbc-4de3-a6b3-d4e8a8564616', 'TECHNICAL Interview', 'TECHNICAL', '2023-05-25 16:00:00', '2023-05-25 17:00:00', 'NO_SHOW');

-- 7. Interview Feedback
INSERT INTO public.interview_feedback (interview_id, score, verdict, comments) VALUES ('a9b84626-f849-48a1-9ece-321c6713468c', 3, 'PASS', 'Automated feedback. Score was 3.'), ('0ad6b01e-30da-4d51-a2c0-c4d98de5efb3', 3, 'PASS', 'Automated feedback. Score was 3.'), ('238cc221-51b5-425d-a01c-4b0e6f44e89a', 2, 'FAIL', 'Automated feedback. Score was 2.'), ('d13f534d-68d9-49a5-b6c9-80acc0c698a5', 5, 'HIRE', 'Automated feedback. Score was 5.'), ('b9839b1a-cbf9-4993-9f6d-a21a5364ddbe', 5, 'HIRE', 'Automated feedback. Score was 5.'), ('79b2ed62-2f8f-48de-8d32-66d03a81b591', 3, 'PASS', 'Automated feedback. Score was 3.'), ('1a70d25d-9141-4a47-9704-afe3c0c2c227', 3, 'PASS', 'Automated feedback. Score was 3.'), ('203b6e0d-c9a0-4a31-9d49-566630dceb19', 5, 'HIRE', 'Automated feedback. Score was 5.'), ('99a86642-58c9-433c-885c-c94d37d6889c', 2, 'FAIL', 'Automated feedback. Score was 2.'), ('a68f599a-27e6-4aeb-9f18-99d97ac9c3d1', 1, 'FAIL', 'Automated feedback. Score was 1.'), ('fcf219c2-d2d8-4f3a-a4a3-86ab2a6ad163', 1, 'FAIL', 'Automated feedback. Score was 1.'), ('1c5eadc0-7855-4c56-aa98-229385841d47', 2, 'FAIL', 'Automated feedback. Score was 2.'), ('255f3811-ad55-4d47-9e83-f3d96d74041d', 1, 'FAIL', 'Automated feedback. Score was 1.'), ('715af05c-0aa4-4e05-ac5f-3e64002930dd', 4, 'PASS', 'Automated feedback. Score was 4.'), ('58aa77e7-bca1-4cae-917f-11ae4f9451ed', 2, 'FAIL', 'Automated feedback. Score was 2.'), ('a354dc4b-1783-4f22-af5c-5149cb3bfb8d', 3, 'PASS', 'Automated feedback. Score was 3.'), ('1797a70d-e8e5-4123-8a0b-78d4e9c89a66', 1, 'FAIL', 'Automated feedback. Score was 1.'), ('56e4a7d2-0566-4ce1-af88-f0f44f08f031', 5, 'HIRE', 'Automated feedback. Score was 5.'), ('45f8ee15-d4df-4f77-935c-506a8ca856bf', 3, 'PASS', 'Automated feedback. Score was 3.'), ('412861d4-5a5b-4913-95f6-3a47860b7201', 2, 'FAIL', 'Automated feedback. Score was 2.'), ('1b803334-814f-4e03-b7b7-f113d2612a6e', 5, 'HIRE', 'Automated feedback. Score was 5.'), ('6bf1aad8-74a8-417b-ba8f-76a8f4dc616e', 4, 'PASS', 'Automated feedback. Score was 4.');

-- 8. Candidate Notes
INSERT INTO public.candidate_notes (candidate_id, author_id, content, note_type) VALUES ('1f63649c-b9e9-4fdf-9987-339eac12f2f6', '966a8046-23bf-488f-aa31-5ce0a5af3ac1', 'Note about Zach Quinn: AVAILABILITY details here.', 'AVAILABILITY'), ('a346ff9e-a85b-47ff-86c3-2309d892d8eb', '966a8046-23bf-488f-aa31-5ce0a5af3ac1', 'Note about Grace Quinn: GENERAL details here.', 'GENERAL'), ('395d025e-df54-4a3d-988c-b13efee0f67a', '8ab48564-ed6a-4866-bc75-64275052c44c', 'Note about Eve Evans: AVAILABILITY details here.', 'AVAILABILITY'), ('ee4f66d3-868f-48e7-9e69-84a9c0b4d68e', '8ab48564-ed6a-4866-bc75-64275052c44c', 'Note about Laura Irwin: GENERAL details here.', 'GENERAL'), ('a8600c9e-8877-4cc2-9175-767616b2524c', '8ab48564-ed6a-4866-bc75-64275052c44c', 'Note about Yvonne Clark: GENERAL details here.', 'GENERAL'), ('bd35c1c7-139b-47ac-9136-29d110159f0e', '966a8046-23bf-488f-aa31-5ce0a5af3ac1', 'Note about Rupert Harris: AVAILABILITY details here.', 'AVAILABILITY'), ('067ca1ef-8c32-40d3-91f4-244f5c262033', '966a8046-23bf-488f-aa31-5ce0a5af3ac1', 'Note about Peggy Quinn: AVAILABILITY details here.', 'AVAILABILITY'), ('9c2f277e-a01a-4284-8e21-24b63ccc243e', '8ab48564-ed6a-4866-bc75-64275052c44c', 'Note about Zach Roberts: AVAILABILITY details here.', 'AVAILABILITY'), ('333a76c8-cb0b-4d36-866d-bc09cdda9356', '966a8046-23bf-488f-aa31-5ce0a5af3ac1', 'Note about Ivan Taylor: AVAILABILITY details here.', 'AVAILABILITY'), ('2c7979e2-1c6e-4fda-bbfb-0f7749578bc9', '966a8046-23bf-488f-aa31-5ce0a5af3ac1', 'Note about Kevin Xavier: AVAILABILITY details here.', 'AVAILABILITY'), ('67a740f6-8cb4-442a-81b0-2ce5ddc29bd2', '966a8046-23bf-488f-aa31-5ce0a5af3ac1', 'Note about Grace Upton: SALARY details here.', 'SALARY'), ('a49ef02f-8c1f-44b1-9f1a-51f958256eb3', '8ab48564-ed6a-4866-bc75-64275052c44c', 'Note about Yvonne Taylor: GENERAL details here.', 'GENERAL'), ('ad060fa9-639c-4af1-946f-8a42fa731ca1', '966a8046-23bf-488f-aa31-5ce0a5af3ac1', 'Note about Grace Harris: GENERAL details here.', 'GENERAL'), ('e9d2f85b-0156-4a80-bd6c-c02bc7763f04', '966a8046-23bf-488f-aa31-5ce0a5af3ac1', 'Note about Oscar Clark: AVAILABILITY details here.', 'AVAILABILITY'), ('94b9bebc-03bf-4ced-8ede-f9c0a02514d4', '966a8046-23bf-488f-aa31-5ce0a5af3ac1', 'Note about Zach Owens: AVAILABILITY details here.', 'AVAILABILITY'), ('03c2bc7e-3e52-4b9e-b797-5a5a5cafb0b3', '966a8046-23bf-488f-aa31-5ce0a5af3ac1', 'Note about Yvonne King: GENERAL details here.', 'GENERAL'), ('46a116dc-7a5b-4f5d-bd05-5bba665f3179', '966a8046-23bf-488f-aa31-5ce0a5af3ac1', 'Note about Quinn Upton: SALARY details here.', 'SALARY'), ('bc310a3e-0bd5-43c5-a116-6b4a6320d7d3', '8ab48564-ed6a-4866-bc75-64275052c44c', 'Note about Heidi Harris: SALARY details here.', 'SALARY'), ('9f698fb5-7e4e-431b-86ae-cd23eb3cc602', '966a8046-23bf-488f-aa31-5ce0a5af3ac1', 'Note about Kevin Wilson: SALARY details here.', 'SALARY'), ('1432b8c3-23bc-487f-b33a-beb5c19e3f7f', '966a8046-23bf-488f-aa31-5ce0a5af3ac1', 'Note about Alice Lee: GENERAL details here.', 'GENERAL'), ('5a14aab3-43a0-4519-8634-93387d17edf0', '8ab48564-ed6a-4866-bc75-64275052c44c', 'Note about Judy Quinn: SALARY details here.', 'SALARY'), ('dd03a3df-0c78-4864-8938-39412e15c2b7', '8ab48564-ed6a-4866-bc75-64275052c44c', 'Note about Eve Lee: SALARY details here.', 'SALARY'), ('ebf6a333-325d-45eb-9ebb-568707bb284c', '966a8046-23bf-488f-aa31-5ce0a5af3ac1', 'Note about Alice Wilson: GENERAL details here.', 'GENERAL'), ('238f7855-11f4-4e57-8a0b-9f5787af4659', '966a8046-23bf-488f-aa31-5ce0a5af3ac1', 'Note about Bob Young: GENERAL details here.', 'GENERAL'), ('849179a0-df09-4914-9e9f-b047dbaf3048', '8ab48564-ed6a-4866-bc75-64275052c44c', 'Note about Uma Lee: SALARY details here.', 'SALARY');